gym_id,team_position,pokemon_id,pokemon_name,level,move_1,move_2,move_3,move_4,ability,source,source_url
1,1,74,Geodude,70,Rock Throw,Earthquake,Body Slam,Harden,,"Canonical Pokémon Red/Blue Gym Leader roster (organizer-added; not in original upload), movesets chosen from supplied pokemon_moves.csv",https://bulbapedia.bulbagarden.net/wiki/Gym_Leader
1,2,95,Onix,70,Rock Throw,Earthquake,Body Slam,Screech,,"Canonical Pokémon Red/Blue Gym Leader roster (organizer-added; not in original upload), movesets chosen from supplied pokemon_moves.csv",https://bulbapedia.bulbagarden.net/wiki/Gym_Leader
2,1,120,Staryu,70,Bubblebeam,Water Gun,Recover,Swift,,"Canonical Pokémon Red/Blue Gym Leader roster (organizer-added; not in original upload), movesets chosen from supplied pokemon_moves.csv",https://bulbapedia.bulbagarden.net/wiki/Gym_Leader
2,2,121,Starmie,70,Surf,Psychic,Thunderbolt,Ice Beam,,"Canonical Pokémon Red/Blue Gym Leader roster (organizer-added; not in original upload), movesets chosen from supplied pokemon_moves.csv",https://bulbapedia.bulbagarden.net/wiki/Gym_Leader
3,1,100,Voltorb,70,Thunderbolt,Sonicboom,Screech,Swift,,"Canonical Pokémon Red/Blue Gym Leader roster (organizer-added; not in original upload), movesets chosen from supplied pokemon_moves.csv",https://bulbapedia.bulbagarden.net/wiki/Gym_Leader
3,2,25,Pikachu,70,Thunderbolt,Quick Attack,Agility,Double-edge,,"Canonical Pokémon Red/Blue Gym Leader roster (organizer-added; not in original upload), movesets chosen from supplied pokemon_moves.csv",https://bulbapedia.bulbagarden.net/wiki/Gym_Leader
3,3,26,Raichu,70,Thunderbolt,Body Slam,Double-edge,Seismic Toss,,"Canonical Pokémon Red/Blue Gym Leader roster (organizer-added; not in original upload), movesets chosen from supplied pokemon_moves.csv",https://bulbapedia.bulbagarden.net/wiki/Gym_Leader
4,1,71,Victreebel,70,Razor Leaf,Acid,Sleep Powder,Mega Drain,,"Canonical Pokémon Red/Blue Gym Leader roster (organizer-added; not in original upload), movesets chosen from supplied pokemon_moves.csv",https://bulbapedia.bulbagarden.net/wiki/Gym_Leader
4,2,114,Tangela,70,Mega Drain,Growth,Sleep Powder,Stun Spore,,"Canonical Pokémon Red/Blue Gym Leader roster (organizer-added; not in original upload), movesets chosen from supplied pokemon_moves.csv",https://bulbapedia.bulbagarden.net/wiki/Gym_Leader
4,3,45,Vileplume,70,Stun Spore,Acid,Sleep Powder,Mega Drain,,"Canonical Pokémon Red/Blue Gym Leader roster (organizer-added; not in original upload), movesets chosen from supplied pokemon_moves.csv",https://bulbapedia.bulbagarden.net/wiki/Gym_Leader
5,1,109,Koffing,70,Sludge,Smog,Smokescreen,Explosion,,"Canonical Pokémon Red/Blue Gym Leader roster (organizer-added; not in original upload), movesets chosen from supplied pokemon_moves.csv",https://bulbapedia.bulbagarden.net/wiki/Gym_Leader
5,2,89,Muk,70,Sludge,Body Slam,Acid Armor,Minimize,,"Canonical Pokémon Red/Blue Gym Leader roster (organizer-added; not in original upload), movesets chosen from supplied pokemon_moves.csv",https://bulbapedia.bulbagarden.net/wiki/Gym_Leader
5,3,110,Weezing,70,Sludge,Smog,Fire Blast,Explosion,,"Canonical Pokémon Red/Blue Gym Leader roster (organizer-added; not in original upload), movesets chosen from supplied pokemon_moves.csv",https://bulbapedia.bulbagarden.net/wiki/Gym_Leader
6,1,64,Kadabra,70,Psychic,Psybeam,Recover,Reflect,,"Canonical Pokémon Red/Blue Gym Leader roster (organizer-added; not in original upload), movesets chosen from supplied pokemon_moves.csv",https://bulbapedia.bulbagarden.net/wiki/Gym_Leader
6,2,122,Mr. Mime,70,Psychic,Barrier,Light Screen,Meditate,,"Canonical Pokémon Red/Blue Gym Leader roster (organizer-added; not in original upload), movesets chosen from supplied pokemon_moves.csv",https://bulbapedia.bulbagarden.net/wiki/Gym_Leader
6,3,49,Venomoth,70,Psychic,Sleep Powder,Stun Spore,Psybeam,,"Canonical Pokémon Red/Blue Gym Leader roster (organizer-added; not in original upload), movesets chosen from supplied pokemon_moves.csv",https://bulbapedia.bulbagarden.net/wiki/Gym_Leader
6,4,65,Alakazam,70,Psychic,Recover,Reflect,Seismic Toss,,"Canonical Pokémon Red/Blue Gym Leader roster (organizer-added; not in original upload), movesets chosen from supplied pokemon_moves.csv",https://bulbapedia.bulbagarden.net/wiki/Gym_Leader
7,1,58,Growlithe,70,Flamethrower,Ember,Agility,Take Down,,"Canonical Pokémon Red/Blue Gym Leader roster (organizer-added; not in original upload), movesets chosen from supplied pokemon_moves.csv",https://bulbapedia.bulbagarden.net/wiki/Gym_Leader
7,2,77,Ponyta,70,Fire Blast,Ember,Agility,Growl,,"Canonical Pokémon Red/Blue Gym Leader roster (organizer-added; not in original upload), movesets chosen from supplied pokemon_moves.csv",https://bulbapedia.bulbagarden.net/wiki/Gym_Leader
7,3,78,Rapidash,70,Fire Blast,Ember,Agility,Take Down,,"Canonical Pokémon Red/Blue Gym Leader roster (organizer-added; not in original upload), movesets chosen from supplied pokemon_moves.csv",https://bulbapedia.bulbagarden.net/wiki/Gym_Leader
7,4,59,Arcanine,70,Fire Blast,Ember,Take Down,Double-edge,,"Canonical Pokémon Red/Blue Gym Leader roster (organizer-added; not in original upload), movesets chosen from supplied pokemon_moves.csv",https://bulbapedia.bulbagarden.net/wiki/Gym_Leader
8,1,111,Rhyhorn,70,Earthquake,Rock Slide,Horn Attack,Take Down,,"Canonical Pokémon Red/Blue Gym Leader roster (organizer-added; not in original upload), movesets chosen from supplied pokemon_moves.csv",https://bulbapedia.bulbagarden.net/wiki/Gym_Leader
8,2,51,Dugtrio,70,Earthquake,Slash,Rock Slide,Double-edge,,"Canonical Pokémon Red/Blue Gym Leader roster (organizer-added; not in original upload), movesets chosen from supplied pokemon_moves.csv",https://bulbapedia.bulbagarden.net/wiki/Gym_Leader
8,3,31,Nidoqueen,70,Earthquake,Body Slam,Ice Beam,Thunderbolt,,"Canonical Pokémon Red/Blue Gym Leader roster (organizer-added; not in original upload), movesets chosen from supplied pokemon_moves.csv",https://bulbapedia.bulbagarden.net/wiki/Gym_Leader
8,4,34,Nidoking,70,Earthquake,Thunderbolt,Ice Beam,Body Slam,,"Canonical Pokémon Red/Blue Gym Leader roster (organizer-added; not in original upload), movesets chosen from supplied pokemon_moves.csv",https://bulbapedia.bulbagarden.net/wiki/Gym_Leader
8,5,112,Rhydon,70,Earthquake,Rock Slide,Body Slam,Take Down,,"Canonical Pokémon Red/Blue Gym Leader roster (organizer-added; not in original upload), movesets chosen from supplied pokemon_moves.csv",https://bulbapedia.bulbagarden.net/wiki/Gym_Leader
