move_id,name,type,category,power,accuracy,pp,priority,target,contact,status_effect,stat_effect,effect_description,source,source_url,category_gen1,damage_model,is_damaging,is_fixed_damage,is_ohko,multi_hit_min,multi_hit_max,two_turn,high_crit_ratio,recoil_fraction,drain_fraction,self_faints,standard_formula_power,mechanics_source,mechanics_source_url,raw_power_gen1,multi_hit_distribution,two_turn_description,special_rule
1,Absorb,Grass,Special,20.0,100.0,20,0,single_opponent,not_defined_in_gen1,,,Restores the user's HP by 1/2 of the damage inflicted on the target.,User-provided moves.csv cross-checked against Pokémon Database Generation I move list,https://pokemondb.net/move/generation/1,Special,standard_plus_drain,True,False,False,,,False,1,,0.5,False,20.0,Bulbapedia Generation I move/damage mechanics; supplied Gen-I move dataset cross-check,https://bulbapedia.bulbagarden.net/wiki/Damage,20.0,,,
2,Acid,Poison,Physical,40.0,100.0,30,0,single_opponent,not_defined_in_gen1,,,Has a ~10% chance to lower the target's Defense by 1 stage.,User-provided moves.csv cross-checked against Pokémon Database Generation I move list,https://pokemondb.net/move/generation/1,Physical,standard_formula,True,False,False,,,False,1,,,False,40.0,Bulbapedia Generation I move/damage mechanics; supplied Gen-I move dataset cross-check,https://bulbapedia.bulbagarden.net/wiki/Damage,40.0,,,
3,Acid Armor,Poison,Physical,,,40,0,single_opponent,not_defined_in_gen1,,,Raises the user's Defense by 2 stages.,User-provided moves.csv cross-checked against Pokémon Database Generation I move list,https://pokemondb.net/move/generation/1,Physical,status,False,False,False,,,False,1,,,False,,Bulbapedia Generation I move/damage mechanics; supplied Gen-I move dataset cross-check,https://bulbapedia.bulbagarden.net/wiki/Damage,,,,
4,Agility,Psychic,Special,,,30,0,single_opponent,not_defined_in_gen1,,,Raises the user's Speed by 2 stages.,User-provided moves.csv cross-checked against Pokémon Database Generation I move list,https://pokemondb.net/move/generation/1,Special,status,False,False,False,,,False,1,,,False,,Bulbapedia Generation I move/damage mechanics; supplied Gen-I move dataset cross-check,https://bulbapedia.bulbagarden.net/wiki/Damage,,,,
5,Amnesia,Psychic,Special,,,20,0,single_opponent,not_defined_in_gen1,,,Raises the user's Special by 2 stages.,User-provided moves.csv cross-checked against Pokémon Database Generation I move list,https://pokemondb.net/move/generation/1,Special,status,False,False,False,,,False,1,,,False,,Bulbapedia Generation I move/damage mechanics; supplied Gen-I move dataset cross-check,https://bulbapedia.bulbagarden.net/wiki/Damage,,,,
6,Aurora Beam,Ice,Special,65.0,100.0,20,0,single_opponent,not_defined_in_gen1,,,Has a ~10% chance to lower the target's Attack by 1 stage.,User-provided moves.csv cross-checked against Pokémon Database Generation I move list,https://pokemondb.net/move/generation/1,Special,standard_formula,True,False,False,,,False,1,,,False,65.0,Bulbapedia Generation I move/damage mechanics; supplied Gen-I move dataset cross-check,https://bulbapedia.bulbagarden.net/wiki/Damage,65.0,,,
7,Barrage,Normal,Physical,15.0,85.0,20,0,single_opponent,not_defined_in_gen1,,,"Attacks 2-5 times in one turn; if one of these attacks breaks a target's Substitute, the target will take damage for the rest of the hits. This move has a 3/8 chance to hit twice, a 3/8 chance to hit three times, a 1/8 chance to hit four times and a 1/8 chance to hit five times.",User-provided moves.csv cross-checked against Pokémon Database Generation I move list,https://pokemondb.net/move/generation/1,Physical,multi_hit,True,False,False,2.0,5.0,False,1,,,False,15.0,Bulbapedia Generation I move/damage mechanics; supplied Gen-I move dataset cross-check,https://bulbapedia.bulbagarden.net/wiki/Damage,15.0,2:3/8;3:3/8;4:1/8;5:1/8,,
8,Barrier,Psychic,Special,,,30,0,single_opponent,not_defined_in_gen1,,,Raises the user's Defense by 2 stages.,User-provided moves.csv cross-checked against Pokémon Database Generation I move list,https://pokemondb.net/move/generation/1,Special,status,False,False,False,,,False,1,,,False,,Bulbapedia Generation I move/damage mechanics; supplied Gen-I move dataset cross-check,https://bulbapedia.bulbagarden.net/wiki/Damage,,,,
9,Bide,Normal,Physical,,,10,0,single_opponent,not_defined_in_gen1,,,The user absorbs all damage for 2-3 turns and then inflicts twice the absorbed damage on its target. This move ignores the target's type but still cannot hit Ghost-type Pokemon.,User-provided moves.csv cross-checked against Pokémon Database Generation I move list,https://pokemondb.net/move/generation/1,Physical,bide,True,True,False,,,False,1,,,False,,Bulbapedia Generation I move/damage mechanics; supplied Gen-I move dataset cross-check,https://bulbapedia.bulbagarden.net/wiki/Damage,,,,Absorb damage for 2-3 turns; release 2x absorbed damage; ignores type effectiveness but cannot hit Ghost in Gen I.
10,Bind,Normal,Physical,15.0,75.0,20,0,single_opponent,not_defined_in_gen1,,,"The user becomes uncontrollable and attacks for 2-5 consecutive turns; the target cannot make attacks of its own during this time, but it may switch out, use items or run away.",User-provided moves.csv cross-checked against Pokémon Database Generation I move list,https://pokemondb.net/move/generation/1,Physical,standard_formula,True,False,False,,,False,1,,,False,15.0,Bulbapedia Generation I move/damage mechanics; supplied Gen-I move dataset cross-check,https://bulbapedia.bulbagarden.net/wiki/Damage,15.0,,,
11,Bite,Normal,Physical,60.0,100.0,25,0,single_opponent,not_defined_in_gen1,,,Has a ~10% chance to make the target flinch.,User-provided moves.csv cross-checked against Pokémon Database Generation I move list,https://pokemondb.net/move/generation/1,Physical,standard_formula,True,False,False,,,False,1,,,False,60.0,Bulbapedia Generation I move/damage mechanics; supplied Gen-I move dataset cross-check,https://bulbapedia.bulbagarden.net/wiki/Damage,60.0,,,
12,Blizzard,Ice,Special,120.0,90.0,5,0,single_opponent,not_defined_in_gen1,,,Has a ~10% chance to freeze the target.,User-provided moves.csv cross-checked against Pokémon Database Generation I move list,https://pokemondb.net/move/generation/1,Special,standard_formula,True,False,False,,,False,1,,,False,120.0,Bulbapedia Generation I move/damage mechanics; supplied Gen-I move dataset cross-check,https://bulbapedia.bulbagarden.net/wiki/Damage,120.0,,,
13,Body Slam,Normal,Physical,85.0,100.0,15,0,single_opponent,not_defined_in_gen1,,,Has a ~30% chance to paralyze the target.,User-provided moves.csv cross-checked against Pokémon Database Generation I move list,https://pokemondb.net/move/generation/1,Physical,standard_formula,True,False,False,,,False,1,,,False,85.0,Bulbapedia Generation I move/damage mechanics; supplied Gen-I move dataset cross-check,https://bulbapedia.bulbagarden.net/wiki/Damage,85.0,,,
14,Bone Club,Ground,Physical,65.0,85.0,20,0,single_opponent,not_defined_in_gen1,,,Has a ~10% chance to make the target flinch.,User-provided moves.csv cross-checked against Pokémon Database Generation I move list,https://pokemondb.net/move/generation/1,Physical,standard_formula,True,False,False,,,False,1,,,False,65.0,Bulbapedia Generation I move/damage mechanics; supplied Gen-I move dataset cross-check,https://bulbapedia.bulbagarden.net/wiki/Damage,65.0,,,
15,Bonemerang,Ground,Physical,50.0,90.0,10,0,single_opponent,not_defined_in_gen1,,,"Strikes twice; if the first hit breaks the target's Substitute, the real Pokemon will take damage from the second hit.",User-provided moves.csv cross-checked against Pokémon Database Generation I move list,https://pokemondb.net/move/generation/1,Physical,standard_formula,True,False,False,,,False,1,,,False,50.0,Bulbapedia Generation I move/damage mechanics; supplied Gen-I move dataset cross-check,https://bulbapedia.bulbagarden.net/wiki/Damage,50.0,,,
16,Bubble,Water,Special,20.0,100.0,30,0,single_opponent,not_defined_in_gen1,,,Has a ~10% chance to lower the target's Speed by 1 stage.,User-provided moves.csv cross-checked against Pokémon Database Generation I move list,https://pokemondb.net/move/generation/1,Special,standard_formula,True,False,False,,,False,1,,,False,20.0,Bulbapedia Generation I move/damage mechanics; supplied Gen-I move dataset cross-check,https://bulbapedia.bulbagarden.net/wiki/Damage,20.0,,,
17,Bubblebeam,Water,Special,65.0,100.0,20,0,single_opponent,not_defined_in_gen1,,,Has a ~10% chance to lower the target's Speed by 1 stage.,User-provided moves.csv cross-checked against Pokémon Database Generation I move list,https://pokemondb.net/move/generation/1,Special,standard_formula,True,False,False,,,False,1,,,False,65.0,Bulbapedia Generation I move/damage mechanics; supplied Gen-I move dataset cross-check,https://bulbapedia.bulbagarden.net/wiki/Damage,65.0,,,
18,Clamp,Water,Special,35.0,75.0,10,0,single_opponent,not_defined_in_gen1,,,"The user becomes uncontrollable and attacks for 2-5 consecutive turns; the target cannot make attacks of its own during this time, but it may switch out, use items or run away.",User-provided moves.csv cross-checked against Pokémon Database Generation I move list,https://pokemondb.net/move/generation/1,Special,standard_formula,True,False,False,,,False,1,,,False,35.0,Bulbapedia Generation I move/damage mechanics; supplied Gen-I move dataset cross-check,https://bulbapedia.bulbagarden.net/wiki/Damage,35.0,,,
19,Comet Punch,Normal,Physical,18.0,85.0,15,0,single_opponent,not_defined_in_gen1,,,"Attacks 2-5 times in one turn; if one of these attacks breaks a target's Substitute, the target will take damage for the rest of the hits. This move has a 3/8 chance to hit twice, a 3/8 chance to hit three times, a 1/8 chance to hit four times and a 1/8 chance to hit five times.",User-provided moves.csv cross-checked against Pokémon Database Generation I move list,https://pokemondb.net/move/generation/1,Physical,multi_hit,True,False,False,2.0,5.0,False,1,,,False,18.0,Bulbapedia Generation I move/damage mechanics; supplied Gen-I move dataset cross-check,https://bulbapedia.bulbagarden.net/wiki/Damage,18.0,2:3/8;3:3/8;4:1/8;5:1/8,,
20,Confuse Ray,Ghost,Physical,,100.0,10,0,single_opponent,not_defined_in_gen1,,,Confuses the target.,User-provided moves.csv cross-checked against Pokémon Database Generation I move list,https://pokemondb.net/move/generation/1,Physical,status,False,False,False,,,False,1,,,False,,Bulbapedia Generation I move/damage mechanics; supplied Gen-I move dataset cross-check,https://bulbapedia.bulbagarden.net/wiki/Damage,,,,
21,Confusion,Psychic,Special,50.0,100.0,25,0,single_opponent,not_defined_in_gen1,,,Has a ~10% chance to confuse the target.,User-provided moves.csv cross-checked against Pokémon Database Generation I move list,https://pokemondb.net/move/generation/1,Special,standard_formula,True,False,False,,,False,1,,,False,50.0,Bulbapedia Generation I move/damage mechanics; supplied Gen-I move dataset cross-check,https://bulbapedia.bulbagarden.net/wiki/Damage,50.0,,,
22,Constrict,Normal,Physical,10.0,100.0,35,0,single_opponent,not_defined_in_gen1,,,Has a ~10% chance to lower the target's Speed by 1 stage.,User-provided moves.csv cross-checked against Pokémon Database Generation I move list,https://pokemondb.net/move/generation/1,Physical,standard_formula,True,False,False,,,False,1,,,False,10.0,Bulbapedia Generation I move/damage mechanics; supplied Gen-I move dataset cross-check,https://bulbapedia.bulbagarden.net/wiki/Damage,10.0,,,
23,Conversion,Normal,Physical,,,30,0,single_opponent,not_defined_in_gen1,,,The user's type changes to match the type of one of its four attacks. This move fails if the user cannot change its type under this condition.,User-provided moves.csv cross-checked against Pokémon Database Generation I move list,https://pokemondb.net/move/generation/1,Physical,status,False,False,False,,,False,1,,,False,,Bulbapedia Generation I move/damage mechanics; supplied Gen-I move dataset cross-check,https://bulbapedia.bulbagarden.net/wiki/Damage,,,,
24,Counter,Fighting,Physical,,100.0,20,0,single_opponent,not_defined_in_gen1,,,"Almost always goes last; if an opponent strikes with a Normal- or Fighting-type attack before the user's turn, the user retaliates for twice the damage it had endured.",User-provided moves.csv cross-checked against Pokémon Database Generation I move list,https://pokemondb.net/move/generation/1,Physical,counter,True,True,False,,,False,1,,,False,,Bulbapedia Generation I move/damage mechanics; supplied Gen-I move dataset cross-check,https://bulbapedia.bulbagarden.net/wiki/Damage,,,,"If hit by Normal/Fighting physical damage before user acts, return 2x damage received; Gen I is last-priority-like."
25,Crabhammer,Water,Special,90.0,85.0,10,0,single_opponent,not_defined_in_gen1,,,Has a high critical hit ratio.,User-provided moves.csv cross-checked against Pokémon Database Generation I move list,https://pokemondb.net/move/generation/1,Special,standard_high_crit,True,False,False,,,False,8,,,False,90.0,Bulbapedia Generation I move/damage mechanics; supplied Gen-I move dataset cross-check,https://bulbapedia.bulbagarden.net/wiki/Damage,90.0,,,
26,Cut,Normal,Physical,50.0,95.0,30,0,single_opponent,not_defined_in_gen1,,,Damages the target.,User-provided moves.csv cross-checked against Pokémon Database Generation I move list,https://pokemondb.net/move/generation/1,Physical,standard_formula,True,False,False,,,False,1,,,False,50.0,Bulbapedia Generation I move/damage mechanics; supplied Gen-I move dataset cross-check,https://bulbapedia.bulbagarden.net/wiki/Damage,50.0,,,
27,Defense Curl,Normal,Physical,,,40,0,single_opponent,not_defined_in_gen1,,,Raises the user's Defense by 1 stage.,User-provided moves.csv cross-checked against Pokémon Database Generation I move list,https://pokemondb.net/move/generation/1,Physical,status,False,False,False,,,False,1,,,False,,Bulbapedia Generation I move/damage mechanics; supplied Gen-I move dataset cross-check,https://bulbapedia.bulbagarden.net/wiki/Damage,,,,
28,Dig,Ground,Physical,100.0,100.0,10,0,single_opponent,not_defined_in_gen1,,,"On the first turn, the user digs underground, becoming uncontrollable, and evades all attacks. Swift may still hit a Pokemon underground. On the second turn, the user attacks.",User-provided moves.csv cross-checked against Pokémon Database Generation I move list,https://pokemondb.net/move/generation/1,Physical,two_turn,True,False,False,,,True,1,,,False,100.0,Bulbapedia Generation I move/damage mechanics; supplied Gen-I move dataset cross-check,https://bulbapedia.bulbagarden.net/wiki/Damage,100.0,,turn_1_prepare;turn_2_attack,
29,Disable,Normal,Physical,,55.0,20,0,single_opponent,not_defined_in_gen1,,,One randomly selected move of the target's cannot be selected for 1-7 turns. Disable only works on one move at a time. The target does nothing if it is about to use a move that becomes disabled.,User-provided moves.csv cross-checked against Pokémon Database Generation I move list,https://pokemondb.net/move/generation/1,Physical,status,False,False,False,,,False,1,,,False,,Bulbapedia Generation I move/damage mechanics; supplied Gen-I move dataset cross-check,https://bulbapedia.bulbagarden.net/wiki/Damage,,,,
30,Dizzy Punch,Normal,Physical,70.0,100.0,10,0,single_opponent,not_defined_in_gen1,,,Damages the target.,User-provided moves.csv cross-checked against Pokémon Database Generation I move list,https://pokemondb.net/move/generation/1,Physical,standard_formula,True,False,False,,,False,1,,,False,70.0,Bulbapedia Generation I move/damage mechanics; supplied Gen-I move dataset cross-check,https://bulbapedia.bulbagarden.net/wiki/Damage,70.0,,,
31,Double Kick,Fighting,Physical,30.0,100.0,30,0,single_opponent,not_defined_in_gen1,,,"Strikes twice; if the first hit breaks the target's Substitute, the real Pokemon will take damage from the second hit.",User-provided moves.csv cross-checked against Pokémon Database Generation I move list,https://pokemondb.net/move/generation/1,Physical,standard_formula,True,False,False,,,False,1,,,False,30.0,Bulbapedia Generation I move/damage mechanics; supplied Gen-I move dataset cross-check,https://bulbapedia.bulbagarden.net/wiki/Damage,30.0,,,
32,Double Team,Normal,Physical,,,15,0,single_opponent,not_defined_in_gen1,,,Raises the user's Evasion by 1 stage.,User-provided moves.csv cross-checked against Pokémon Database Generation I move list,https://pokemondb.net/move/generation/1,Physical,status,False,False,False,,,False,1,,,False,,Bulbapedia Generation I move/damage mechanics; supplied Gen-I move dataset cross-check,https://bulbapedia.bulbagarden.net/wiki/Damage,,,,
33,Double-edge,Normal,Physical,100.0,100.0,15,0,single_opponent,not_defined_in_gen1,,,The user receives 1/4 recoil damage.,User-provided moves.csv cross-checked against Pokémon Database Generation I move list,https://pokemondb.net/move/generation/1,Physical,standard_plus_recoil,True,False,False,,,False,1,0.25,,False,100.0,Bulbapedia Generation I move/damage mechanics; supplied Gen-I move dataset cross-check,https://bulbapedia.bulbagarden.net/wiki/Damage,100.0,,,
34,Doubleslap,Normal,Physical,15.0,85.0,10,0,single_opponent,not_defined_in_gen1,,,"Attacks 2-5 times in one turn; if one of these attacks breaks a target's Substitute, the target will take damage for the rest of the hits. This move has a 3/8 chance to hit twice, a 3/8 chance to hit three times, a 1/8 chance to hit four times and a 1/8 chance to hit five times.",User-provided moves.csv cross-checked against Pokémon Database Generation I move list,https://pokemondb.net/move/generation/1,Physical,standard_formula,True,False,False,,,False,1,,,False,15.0,Bulbapedia Generation I move/damage mechanics; supplied Gen-I move dataset cross-check,https://bulbapedia.bulbagarden.net/wiki/Damage,15.0,,,
35,Dragon Rage,Dragon,Special,,100.0,10,0,single_opponent,not_defined_in_gen1,,,Always deals 40 points of damage.,User-provided moves.csv cross-checked against Pokémon Database Generation I move list,https://pokemondb.net/move/generation/1,Special,fixed_40,True,True,False,,,False,1,,,False,,Bulbapedia Generation I move/damage mechanics; supplied Gen-I move dataset cross-check,https://bulbapedia.bulbagarden.net/wiki/Damage,,,,Fixed 40 damage.
36,Dream Eater,Psychic,Special,100.0,100.0,15,0,single_opponent,not_defined_in_gen1,,,Restores the user's HP by 1/2 of the damage inflicted on the target but only works on a sleeping target.,User-provided moves.csv cross-checked against Pokémon Database Generation I move list,https://pokemondb.net/move/generation/1,Special,standard_plus_drain,True,False,False,,,False,1,,0.5,False,100.0,Bulbapedia Generation I move/damage mechanics; supplied Gen-I move dataset cross-check,https://bulbapedia.bulbagarden.net/wiki/Damage,100.0,,,
37,Drill Peck,Flying,Physical,80.0,100.0,20,0,single_opponent,not_defined_in_gen1,,,Damages the target.,User-provided moves.csv cross-checked against Pokémon Database Generation I move list,https://pokemondb.net/move/generation/1,Physical,standard_formula,True,False,False,,,False,1,,,False,80.0,Bulbapedia Generation I move/damage mechanics; supplied Gen-I move dataset cross-check,https://bulbapedia.bulbagarden.net/wiki/Damage,80.0,,,
38,Earthquake,Ground,Physical,100.0,100.0,10,0,single_opponent,not_defined_in_gen1,,,Damages the target.,User-provided moves.csv cross-checked against Pokémon Database Generation I move list,https://pokemondb.net/move/generation/1,Physical,standard_formula,True,False,False,,,False,1,,,False,100.0,Bulbapedia Generation I move/damage mechanics; supplied Gen-I move dataset cross-check,https://bulbapedia.bulbagarden.net/wiki/Damage,100.0,,,
39,Egg Bomb,Normal,Physical,100.0,75.0,10,0,single_opponent,not_defined_in_gen1,,,Damages the target.,User-provided moves.csv cross-checked against Pokémon Database Generation I move list,https://pokemondb.net/move/generation/1,Physical,standard_formula,True,False,False,,,False,1,,,False,100.0,Bulbapedia Generation I move/damage mechanics; supplied Gen-I move dataset cross-check,https://bulbapedia.bulbagarden.net/wiki/Damage,100.0,,,
40,Ember,Fire,Special,40.0,100.0,25,0,single_opponent,not_defined_in_gen1,,,Has a ~10% chance to burn the target.,User-provided moves.csv cross-checked against Pokémon Database Generation I move list,https://pokemondb.net/move/generation/1,Special,standard_formula,True,False,False,,,False,1,,,False,40.0,Bulbapedia Generation I move/damage mechanics; supplied Gen-I move dataset cross-check,https://bulbapedia.bulbagarden.net/wiki/Damage,40.0,,,
41,Explosion,Normal,Physical,170.0,100.0,5,0,single_opponent,not_defined_in_gen1,,,"The Defense stat of other Pokemon is halved against this attack, essentially doubling the move's base power; causes the user to faint.",User-provided moves.csv cross-checked against Pokémon Database Generation I move list,https://pokemondb.net/move/generation/1,Physical,self_destruct,True,False,False,,,False,1,,,True,170.0,Bulbapedia Generation I move/damage mechanics; supplied Gen-I move dataset cross-check,https://bulbapedia.bulbagarden.net/wiki/Damage,170.0,,,Uses standard damage with Gen I Defense-halving mechanic; user faints after successful use.
42,Fire Blast,Fire,Special,120.0,85.0,5,0,single_opponent,not_defined_in_gen1,,,Has a ~30% chance to burn the target.,User-provided moves.csv cross-checked against Pokémon Database Generation I move list,https://pokemondb.net/move/generation/1,Special,standard_formula,True,False,False,,,False,1,,,False,120.0,Bulbapedia Generation I move/damage mechanics; supplied Gen-I move dataset cross-check,https://bulbapedia.bulbagarden.net/wiki/Damage,120.0,,,
43,Fire Punch,Fire,Special,75.0,100.0,15,0,single_opponent,not_defined_in_gen1,,,Has a ~10% chance to burn the target.,User-provided moves.csv cross-checked against Pokémon Database Generation I move list,https://pokemondb.net/move/generation/1,Special,standard_formula,True,False,False,,,False,1,,,False,75.0,Bulbapedia Generation I move/damage mechanics; supplied Gen-I move dataset cross-check,https://bulbapedia.bulbagarden.net/wiki/Damage,75.0,,,
44,Fire Spin,Fire,Special,15.0,85.0,15,0,single_opponent,not_defined_in_gen1,,,"The user becomes uncontrollable and attacks for 2-5 consecutive turns; the target cannot make attacks of its own during this time, but it may switch out, use items or run away.",User-provided moves.csv cross-checked against Pokémon Database Generation I move list,https://pokemondb.net/move/generation/1,Special,standard_formula,True,False,False,,,False,1,,,False,15.0,Bulbapedia Generation I move/damage mechanics; supplied Gen-I move dataset cross-check,https://bulbapedia.bulbagarden.net/wiki/Damage,15.0,,,
45,Fissure,Ground,Physical,,30.0,5,0,single_opponent,not_defined_in_gen1,,,The target faints; doesn't work on faster or higher-leveled Pokemon.,User-provided moves.csv cross-checked against Pokémon Database Generation I move list,https://pokemondb.net/move/generation/1,Physical,ohko,True,False,True,,,False,1,,,False,,Bulbapedia Generation I move/damage mechanics; supplied Gen-I move dataset cross-check,https://bulbapedia.bulbagarden.net/wiki/Damage,,,,OHKO if accuracy check succeeds and target is not higher level/faster as applicable to Gen I rules.
46,Flamethrower,Fire,Special,95.0,100.0,15,0,single_opponent,not_defined_in_gen1,,,Has a ~10% chance to burn the target.,User-provided moves.csv cross-checked against Pokémon Database Generation I move list,https://pokemondb.net/move/generation/1,Special,standard_formula,True,False,False,,,False,1,,,False,95.0,Bulbapedia Generation I move/damage mechanics; supplied Gen-I move dataset cross-check,https://bulbapedia.bulbagarden.net/wiki/Damage,95.0,,,
47,Flash,Normal,Physical,,70.0,20,0,single_opponent,not_defined_in_gen1,,,Lowers the target's Accuracy by 1 stage.,User-provided moves.csv cross-checked against Pokémon Database Generation I move list,https://pokemondb.net/move/generation/1,Physical,status,False,False,False,,,False,1,,,False,,Bulbapedia Generation I move/damage mechanics; supplied Gen-I move dataset cross-check,https://bulbapedia.bulbagarden.net/wiki/Damage,,,,
48,Fly,Flying,Physical,70.0,95.0,15,0,single_opponent,not_defined_in_gen1,,,"On the first turn, the user flies into the air, becoming uncontrollable, and evades most attacks. Swift may still hit a Pokemon in the air. On the second turn, the user attacks.",User-provided moves.csv cross-checked against Pokémon Database Generation I move list,https://pokemondb.net/move/generation/1,Physical,two_turn,True,False,False,,,True,1,,,False,70.0,Bulbapedia Generation I move/damage mechanics; supplied Gen-I move dataset cross-check,https://bulbapedia.bulbagarden.net/wiki/Damage,70.0,,turn_1_prepare;turn_2_attack,
49,Focus Energy,Normal,Physical,,,30,0,single_opponent,not_defined_in_gen1,,,"Decreases critical hit ratio in-game, but raises it in Pokemon Stadium.",User-provided moves.csv cross-checked against Pokémon Database Generation I move list,https://pokemondb.net/move/generation/1,Physical,status,False,False,False,,,False,1,,,False,,Bulbapedia Generation I move/damage mechanics; supplied Gen-I move dataset cross-check,https://bulbapedia.bulbagarden.net/wiki/Damage,,,,
50,Fury Attack,Normal,Physical,15.0,85.0,20,0,single_opponent,not_defined_in_gen1,,,"Attacks 2-5 times in one turn; if one of these attacks breaks a target's Substitute, the target will take damage for the rest of the hits. This move has a 3/8 chance to hit twice, a 3/8 chance to hit three times, a 1/8 chance to hit four times and a 1/8 chance to hit five times.",User-provided moves.csv cross-checked against Pokémon Database Generation I move list,https://pokemondb.net/move/generation/1,Physical,multi_hit,True,False,False,2.0,5.0,False,1,,,False,15.0,Bulbapedia Generation I move/damage mechanics; supplied Gen-I move dataset cross-check,https://bulbapedia.bulbagarden.net/wiki/Damage,15.0,2:3/8;3:3/8;4:1/8;5:1/8,,
51,Fury Swipes,Normal,Physical,10.0,80.0,15,0,single_opponent,not_defined_in_gen1,,,"Attacks 2-5 times in one turn; if one of these attacks breaks a target's Substitute, the target will take damage for the rest of the hits. This move has a 3/8 chance to hit twice, a 3/8 chance to hit three times, a 1/8 chance to hit four times and a 1/8 chance to hit five times.",User-provided moves.csv cross-checked against Pokémon Database Generation I move list,https://pokemondb.net/move/generation/1,Physical,multi_hit,True,False,False,2.0,5.0,False,1,,,False,10.0,Bulbapedia Generation I move/damage mechanics; supplied Gen-I move dataset cross-check,https://bulbapedia.bulbagarden.net/wiki/Damage,10.0,2:3/8;3:3/8;4:1/8;5:1/8,,
52,Glare,Normal,Physical,,75.0,30,0,single_opponent,not_defined_in_gen1,,,Paralyzes the target. This move works on Ghost-type Pokemon.,User-provided moves.csv cross-checked against Pokémon Database Generation I move list,https://pokemondb.net/move/generation/1,Physical,status,False,False,False,,,False,1,,,False,,Bulbapedia Generation I move/damage mechanics; supplied Gen-I move dataset cross-check,https://bulbapedia.bulbagarden.net/wiki/Damage,,,,
53,Growl,Normal,Physical,,100.0,40,0,single_opponent,not_defined_in_gen1,,,Lowers the target's Attack by 1 stage.,User-provided moves.csv cross-checked against Pokémon Database Generation I move list,https://pokemondb.net/move/generation/1,Physical,status,False,False,False,,,False,1,,,False,,Bulbapedia Generation I move/damage mechanics; supplied Gen-I move dataset cross-check,https://bulbapedia.bulbagarden.net/wiki/Damage,,,,
54,Growth,Normal,Physical,,,40,0,single_opponent,not_defined_in_gen1,,,Raises the user's Special by 1 stage.,User-provided moves.csv cross-checked against Pokémon Database Generation I move list,https://pokemondb.net/move/generation/1,Physical,status,False,False,False,,,False,1,,,False,,Bulbapedia Generation I move/damage mechanics; supplied Gen-I move dataset cross-check,https://bulbapedia.bulbagarden.net/wiki/Damage,,,,
55,Guillotine,Normal,Physical,,30.0,5,0,single_opponent,not_defined_in_gen1,,,The target faints; doesn't work on faster or higher-leveled Pokemon.,User-provided moves.csv cross-checked against Pokémon Database Generation I move list,https://pokemondb.net/move/generation/1,Physical,ohko,True,False,True,,,False,1,,,False,,Bulbapedia Generation I move/damage mechanics; supplied Gen-I move dataset cross-check,https://bulbapedia.bulbagarden.net/wiki/Damage,,,,OHKO if accuracy check succeeds and target is not higher level/faster as applicable to Gen I rules.
56,Gust,Normal,Physical,40.0,100.0,35,0,single_opponent,not_defined_in_gen1,,,Damages the target.,User-provided moves.csv cross-checked against Pokémon Database Generation I move list,https://pokemondb.net/move/generation/1,Physical,standard_formula,True,False,False,,,False,1,,,False,40.0,Bulbapedia Generation I move/damage mechanics; supplied Gen-I move dataset cross-check,https://bulbapedia.bulbagarden.net/wiki/Damage,40.0,,,
57,Harden,Normal,Physical,,,30,0,single_opponent,not_defined_in_gen1,,,Raises the user's Defense by 1 stage.,User-provided moves.csv cross-checked against Pokémon Database Generation I move list,https://pokemondb.net/move/generation/1,Physical,status,False,False,False,,,False,1,,,False,,Bulbapedia Generation I move/damage mechanics; supplied Gen-I move dataset cross-check,https://bulbapedia.bulbagarden.net/wiki/Damage,,,,
58,Haze,Ice,Special,,,30,0,single_opponent,not_defined_in_gen1,,,"Eliminates any stat modifiers from all active Pokemon. Also removes Leech Seed, Reflect and Light Screen from either Pokemon and cures the opponent of any status conditions (including Toxic). If the user of Haze has Toxic poisoning, it will be downgraded to regular poisoning.",User-provided moves.csv cross-checked against Pokémon Database Generation I move list,https://pokemondb.net/move/generation/1,Special,status,False,False,False,,,False,1,,,False,,Bulbapedia Generation I move/damage mechanics; supplied Gen-I move dataset cross-check,https://bulbapedia.bulbagarden.net/wiki/Damage,,,,
59,Headbutt,Normal,Physical,70.0,100.0,15,0,single_opponent,not_defined_in_gen1,,,Has a ~30% chance to make the target flinch.,User-provided moves.csv cross-checked against Pokémon Database Generation I move list,https://pokemondb.net/move/generation/1,Physical,standard_formula,True,False,False,,,False,1,,,False,70.0,Bulbapedia Generation I move/damage mechanics; supplied Gen-I move dataset cross-check,https://bulbapedia.bulbagarden.net/wiki/Damage,70.0,,,
60,Hi Jump Kick,Fighting,Physical,85.0,85.0,20,0,single_opponent,not_defined_in_gen1,,,"If this attack misses the target, the user receives 1 HP of damage.",User-provided moves.csv cross-checked against Pokémon Database Generation I move list,https://pokemondb.net/move/generation/1,Physical,standard_formula,True,False,False,,,False,1,,,False,85.0,Bulbapedia Generation I move/damage mechanics; supplied Gen-I move dataset cross-check,https://bulbapedia.bulbagarden.net/wiki/Damage,85.0,,,
61,Horn Attack,Normal,Physical,65.0,100.0,25,0,single_opponent,not_defined_in_gen1,,,Damages the target.,User-provided moves.csv cross-checked against Pokémon Database Generation I move list,https://pokemondb.net/move/generation/1,Physical,standard_formula,True,False,False,,,False,1,,,False,65.0,Bulbapedia Generation I move/damage mechanics; supplied Gen-I move dataset cross-check,https://bulbapedia.bulbagarden.net/wiki/Damage,65.0,,,
62,Horn Drill,Normal,Physical,,30.0,5,0,single_opponent,not_defined_in_gen1,,,The target faints; doesn't work on faster or higher-leveled Pokemon.,User-provided moves.csv cross-checked against Pokémon Database Generation I move list,https://pokemondb.net/move/generation/1,Physical,ohko,True,False,True,,,False,1,,,False,,Bulbapedia Generation I move/damage mechanics; supplied Gen-I move dataset cross-check,https://bulbapedia.bulbagarden.net/wiki/Damage,,,,OHKO if accuracy check succeeds and target is not higher level/faster as applicable to Gen I rules.
63,Hydro Pump,Water,Special,120.0,80.0,5,0,single_opponent,not_defined_in_gen1,,,Damages the target.,User-provided moves.csv cross-checked against Pokémon Database Generation I move list,https://pokemondb.net/move/generation/1,Special,standard_formula,True,False,False,,,False,1,,,False,120.0,Bulbapedia Generation I move/damage mechanics; supplied Gen-I move dataset cross-check,https://bulbapedia.bulbagarden.net/wiki/Damage,120.0,,,
64,Hyper Beam,Normal,Physical,150.0,90.0,5,0,single_opponent,not_defined_in_gen1,,,"In Stadium, the user becomes uncontrollable during its next turn. Otherwise, the user attacks on turn one but it doesn't recharge on turn two if it KOs the target, breaks its Substitute or misses entirely.",User-provided moves.csv cross-checked against Pokémon Database Generation I move list,https://pokemondb.net/move/generation/1,Physical,standard_recharge,True,False,False,,,False,1,,,False,150.0,Bulbapedia Generation I move/damage mechanics; supplied Gen-I move dataset cross-check,https://bulbapedia.bulbagarden.net/wiki/Damage,150.0,,,Requires recharge after successful non-KO/non-miss use in Gen I; exact behavior should follow Gen I battle rules.
65,Hyper Fang,Normal,Physical,80.0,90.0,15,0,single_opponent,not_defined_in_gen1,,,Has a ~10% chance to make the target flinch.,User-provided moves.csv cross-checked against Pokémon Database Generation I move list,https://pokemondb.net/move/generation/1,Physical,standard_formula,True,False,False,,,False,1,,,False,80.0,Bulbapedia Generation I move/damage mechanics; supplied Gen-I move dataset cross-check,https://bulbapedia.bulbagarden.net/wiki/Damage,80.0,,,
66,Hypnosis,Psychic,Special,,60.0,20,0,single_opponent,not_defined_in_gen1,,,Puts the target to sleep.,User-provided moves.csv cross-checked against Pokémon Database Generation I move list,https://pokemondb.net/move/generation/1,Special,status,False,False,False,,,False,1,,,False,,Bulbapedia Generation I move/damage mechanics; supplied Gen-I move dataset cross-check,https://bulbapedia.bulbagarden.net/wiki/Damage,,,,
67,Ice Beam,Ice,Special,95.0,100.0,10,0,single_opponent,not_defined_in_gen1,,,Has a ~10% chance to freeze the target.,User-provided moves.csv cross-checked against Pokémon Database Generation I move list,https://pokemondb.net/move/generation/1,Special,standard_formula,True,False,False,,,False,1,,,False,95.0,Bulbapedia Generation I move/damage mechanics; supplied Gen-I move dataset cross-check,https://bulbapedia.bulbagarden.net/wiki/Damage,95.0,,,
68,Ice Punch,Ice,Special,75.0,100.0,15,0,single_opponent,not_defined_in_gen1,,,Has a ~10% chance to freeze the target.,User-provided moves.csv cross-checked against Pokémon Database Generation I move list,https://pokemondb.net/move/generation/1,Special,standard_formula,True,False,False,,,False,1,,,False,75.0,Bulbapedia Generation I move/damage mechanics; supplied Gen-I move dataset cross-check,https://bulbapedia.bulbagarden.net/wiki/Damage,75.0,,,
69,Jump Kick,Fighting,Physical,70.0,95.0,20,0,single_opponent,not_defined_in_gen1,,,"If this attack misses the target, the user receives 1 HP of damage.",User-provided moves.csv cross-checked against Pokémon Database Generation I move list,https://pokemondb.net/move/generation/1,Physical,standard_plus_recoil,True,False,False,,,False,1,0.125,,False,70.0,Bulbapedia Generation I move/damage mechanics; supplied Gen-I move dataset cross-check,https://bulbapedia.bulbagarden.net/wiki/Damage,70.0,,,
70,Karate Chop,Normal,Physical,50.0,100.0,25,0,single_opponent,not_defined_in_gen1,,,Has a high critical hit ratio.,User-provided moves.csv cross-checked against Pokémon Database Generation I move list,https://pokemondb.net/move/generation/1,Physical,standard_high_crit,True,False,False,,,False,8,,,False,50.0,Bulbapedia Generation I move/damage mechanics; supplied Gen-I move dataset cross-check,https://bulbapedia.bulbagarden.net/wiki/Damage,50.0,,,
71,Kinesis,Psychic,Special,,80.0,15,0,single_opponent,not_defined_in_gen1,,,Lowers the target's Accuracy by 1 stage.,User-provided moves.csv cross-checked against Pokémon Database Generation I move list,https://pokemondb.net/move/generation/1,Special,status,False,False,False,,,False,1,,,False,,Bulbapedia Generation I move/damage mechanics; supplied Gen-I move dataset cross-check,https://bulbapedia.bulbagarden.net/wiki/Damage,,,,
72,Leech Life,Bug,Physical,20.0,100.0,15,0,single_opponent,not_defined_in_gen1,,,Restores the user's HP by 1/2 of the damage inflicted on the target.,User-provided moves.csv cross-checked against Pokémon Database Generation I move list,https://pokemondb.net/move/generation/1,Physical,standard_formula,True,False,False,,,False,1,,,False,20.0,Bulbapedia Generation I move/damage mechanics; supplied Gen-I move dataset cross-check,https://bulbapedia.bulbagarden.net/wiki/Damage,20.0,,,
73,Leech Seed,Grass,Special,,90.0,10,0,single_opponent,not_defined_in_gen1,,,"The user steals 1/16 of the target's max HP (or more if used in conjunction with Toxic) until either Pokemon uses Haze or the target is switched out or KO'ed; does not work on Grass-type Pokemon, but will work against Pokemon behind Substitutes.",User-provided moves.csv cross-checked against Pokémon Database Generation I move list,https://pokemondb.net/move/generation/1,Special,status,False,False,False,,,False,1,,,False,,Bulbapedia Generation I move/damage mechanics; supplied Gen-I move dataset cross-check,https://bulbapedia.bulbagarden.net/wiki/Damage,,,,
74,Leer,Normal,Physical,,100.0,30,0,single_opponent,not_defined_in_gen1,,,Lowers the target's Defense by 1 stage.,User-provided moves.csv cross-checked against Pokémon Database Generation I move list,https://pokemondb.net/move/generation/1,Physical,status,False,False,False,,,False,1,,,False,,Bulbapedia Generation I move/damage mechanics; supplied Gen-I move dataset cross-check,https://bulbapedia.bulbagarden.net/wiki/Damage,,,,
75,Lick,Ghost,Physical,20.0,100.0,30,0,single_opponent,not_defined_in_gen1,,,Has a ~30% chance to paralyze the target. This move fails against Psychic-type Pokemon.,User-provided moves.csv cross-checked against Pokémon Database Generation I move list,https://pokemondb.net/move/generation/1,Physical,standard_formula,True,False,False,,,False,1,,,False,20.0,Bulbapedia Generation I move/damage mechanics; supplied Gen-I move dataset cross-check,https://bulbapedia.bulbagarden.net/wiki/Damage,20.0,,,
76,Light Screen,Psychic,Special,,,30,0,single_opponent,not_defined_in_gen1,,,The user receives 1/2 damage from Special attacks until it switches out or either Pokemon uses Haze.,User-provided moves.csv cross-checked against Pokémon Database Generation I move list,https://pokemondb.net/move/generation/1,Special,status,False,False,False,,,False,1,,,False,,Bulbapedia Generation I move/damage mechanics; supplied Gen-I move dataset cross-check,https://bulbapedia.bulbagarden.net/wiki/Damage,,,,
77,Lovely Kiss,Normal,Physical,,75.0,10,0,single_opponent,not_defined_in_gen1,,,Puts the target to sleep.,User-provided moves.csv cross-checked against Pokémon Database Generation I move list,https://pokemondb.net/move/generation/1,Physical,status,False,False,False,,,False,1,,,False,,Bulbapedia Generation I move/damage mechanics; supplied Gen-I move dataset cross-check,https://bulbapedia.bulbagarden.net/wiki/Damage,,,,
78,Low Kick,Fighting,Physical,50.0,90.0,20,0,single_opponent,not_defined_in_gen1,,,Has a ~30% chance to make the target flinch.,User-provided moves.csv cross-checked against Pokémon Database Generation I move list,https://pokemondb.net/move/generation/1,Physical,standard_formula,True,False,False,,,False,1,,,False,50.0,Bulbapedia Generation I move/damage mechanics; supplied Gen-I move dataset cross-check,https://bulbapedia.bulbagarden.net/wiki/Damage,50.0,,,
79,Meditate,Psychic,Special,,,40,0,single_opponent,not_defined_in_gen1,,,Raises the user's Attack by 1 stage.,User-provided moves.csv cross-checked against Pokémon Database Generation I move list,https://pokemondb.net/move/generation/1,Special,status,False,False,False,,,False,1,,,False,,Bulbapedia Generation I move/damage mechanics; supplied Gen-I move dataset cross-check,https://bulbapedia.bulbagarden.net/wiki/Damage,,,,
80,Mega Drain,Grass,Special,40.0,100.0,10,0,single_opponent,not_defined_in_gen1,,,Restores the user's HP by 1/2 of the damage inflicted on the target.,User-provided moves.csv cross-checked against Pokémon Database Generation I move list,https://pokemondb.net/move/generation/1,Special,standard_plus_drain,True,False,False,,,False,1,,0.5,False,40.0,Bulbapedia Generation I move/damage mechanics; supplied Gen-I move dataset cross-check,https://bulbapedia.bulbagarden.net/wiki/Damage,40.0,,,
81,Mega Kick,Normal,Physical,120.0,75.0,5,0,single_opponent,not_defined_in_gen1,,,Damages the target.,User-provided moves.csv cross-checked against Pokémon Database Generation I move list,https://pokemondb.net/move/generation/1,Physical,standard_formula,True,False,False,,,False,1,,,False,120.0,Bulbapedia Generation I move/damage mechanics; supplied Gen-I move dataset cross-check,https://bulbapedia.bulbagarden.net/wiki/Damage,120.0,,,
82,Mega Punch,Normal,Physical,80.0,85.0,20,0,single_opponent,not_defined_in_gen1,,,Damages the target.,User-provided moves.csv cross-checked against Pokémon Database Generation I move list,https://pokemondb.net/move/generation/1,Physical,standard_formula,True,False,False,,,False,1,,,False,80.0,Bulbapedia Generation I move/damage mechanics; supplied Gen-I move dataset cross-check,https://bulbapedia.bulbagarden.net/wiki/Damage,80.0,,,
83,Metronome,Normal,Physical,,,10,0,single_opponent,not_defined_in_gen1,,,"The user performs a randomly selected move; almost any move in the game could be picked. Metronome cannot generate itself, Struggle or any move that the user already knows.",User-provided moves.csv cross-checked against Pokémon Database Generation I move list,https://pokemondb.net/move/generation/1,Physical,status,False,False,False,,,False,1,,,False,,Bulbapedia Generation I move/damage mechanics; supplied Gen-I move dataset cross-check,https://bulbapedia.bulbagarden.net/wiki/Damage,,,,
84,Mimic,Normal,Physical,,100.0,10,0,single_opponent,not_defined_in_gen1,,,"This move is temporarily replaced by one of the target's moves; after one PP is subtracted to use this move, the replacement move will retain Mimic's remaining PP. The user can select any of the target's moves to copy until the end of the battle or until the user switches out. There are no move restrictions on Mimic other than itself and Struggle. However, in a link battle, Mimic will copy one of the target's attacks randomly.",User-provided moves.csv cross-checked against Pokémon Database Generation I move list,https://pokemondb.net/move/generation/1,Physical,status,False,False,False,,,False,1,,,False,,Bulbapedia Generation I move/damage mechanics; supplied Gen-I move dataset cross-check,https://bulbapedia.bulbagarden.net/wiki/Damage,,,,
85,Minimize,Normal,Physical,,,20,0,single_opponent,not_defined_in_gen1,,,Raises the user's Evasion by 1 stage.,User-provided moves.csv cross-checked against Pokémon Database Generation I move list,https://pokemondb.net/move/generation/1,Physical,status,False,False,False,,,False,1,,,False,,Bulbapedia Generation I move/damage mechanics; supplied Gen-I move dataset cross-check,https://bulbapedia.bulbagarden.net/wiki/Damage,,,,
86,Mirror Move,Flying,Status,,100.0,20,0,single_opponent,not_defined_in_gen1,,,"The user performs the last move executed by its target; if applicable, an attack's damage is calculated with the user's stats, level and type(s). This moves fails if the target has not yet used a move. Mirror Move also cannot copy itself.",User-provided moves.csv cross-checked against Pokémon Database Generation I move list,https://pokemondb.net/move/generation/1,Status,copy_last_move,True,False,False,,,False,1,,,False,,Bulbapedia Generation I move/damage mechanics; supplied Gen-I move dataset cross-check,https://bulbapedia.bulbagarden.net/wiki/Damage,,,,Copies the last move used by target; copied move uses user stats/type where applicable.
87,Mist,Ice,Special,,,30,0,single_opponent,not_defined_in_gen1,,,"Protects the user from negative stat modifiers caused by other Pokemon until it switches out. The user's Accuracy and Evasion stats are also protected. Moves that cause negative stat modifiers as a secondary effect, such as Psychic, still deal their regular damage.",User-provided moves.csv cross-checked against Pokémon Database Generation I move list,https://pokemondb.net/move/generation/1,Special,status,False,False,False,,,False,1,,,False,,Bulbapedia Generation I move/damage mechanics; supplied Gen-I move dataset cross-check,https://bulbapedia.bulbagarden.net/wiki/Damage,,,,
88,Night Shade,Ghost,Physical,,100.0,15,0,single_opponent,not_defined_in_gen1,,,Does damage equal to user's level. This move hits Normal-type Pokemon.,User-provided moves.csv cross-checked against Pokémon Database Generation I move list,https://pokemondb.net/move/generation/1,Physical,level_based_fixed_damage,True,True,False,,,False,1,,,False,,Bulbapedia Generation I move/damage mechanics; supplied Gen-I move dataset cross-check,https://bulbapedia.bulbagarden.net/wiki/Damage,,,,Deals damage equal to user level; Gen I type interaction differs from later generations.
89,Pay Day,Normal,Physical,40.0,100.0,20,0,single_opponent,not_defined_in_gen1,,,The player picks up extra money after in-game battles; the money received is equal to: [user's level * 2 * number of times Pay Day is used]. The player does not lose money if the opponent uses Pay Day but the player wins the battle.,User-provided moves.csv cross-checked against Pokémon Database Generation I move list,https://pokemondb.net/move/generation/1,Physical,standard_formula,True,False,False,,,False,1,,,False,40.0,Bulbapedia Generation I move/damage mechanics; supplied Gen-I move dataset cross-check,https://bulbapedia.bulbagarden.net/wiki/Damage,40.0,,,
90,Peck,Flying,Physical,35.0,100.0,35,0,single_opponent,not_defined_in_gen1,,,Damages the target.,User-provided moves.csv cross-checked against Pokémon Database Generation I move list,https://pokemondb.net/move/generation/1,Physical,standard_formula,True,False,False,,,False,1,,,False,35.0,Bulbapedia Generation I move/damage mechanics; supplied Gen-I move dataset cross-check,https://bulbapedia.bulbagarden.net/wiki/Damage,35.0,,,
91,Petal Dance,Grass,Special,70.0,100.0,20,0,single_opponent,not_defined_in_gen1,,,The user attacks uncontrollably for 2-3 turns and then gets confused.,User-provided moves.csv cross-checked against Pokémon Database Generation I move list,https://pokemondb.net/move/generation/1,Special,standard_formula,True,False,False,,,False,1,,,False,70.0,Bulbapedia Generation I move/damage mechanics; supplied Gen-I move dataset cross-check,https://bulbapedia.bulbagarden.net/wiki/Damage,70.0,,,
92,Pin Missile,Bug,Physical,14.0,95.0,20,0,single_opponent,not_defined_in_gen1,,,"Attacks 2-5 times in one turn; if one of these attacks breaks a target's Substitute, the target will take damage for the rest of the hits. This move has a 3/8 chance to hit twice, a 3/8 chance to hit three times, a 1/8 chance to hit four times and a 1/8 chance to hit five times.",User-provided moves.csv cross-checked against Pokémon Database Generation I move list,https://pokemondb.net/move/generation/1,Physical,multi_hit,True,False,False,2.0,5.0,False,1,,,False,14.0,Bulbapedia Generation I move/damage mechanics; supplied Gen-I move dataset cross-check,https://bulbapedia.bulbagarden.net/wiki/Damage,14.0,2:3/8;3:3/8;4:1/8;5:1/8,,
93,Poison Gas,Poison,Physical,,80.0,40,0,single_opponent,not_defined_in_gen1,,,Poisons the target.,User-provided moves.csv cross-checked against Pokémon Database Generation I move list,https://pokemondb.net/move/generation/1,Physical,status,False,False,False,,,False,1,,,False,,Bulbapedia Generation I move/damage mechanics; supplied Gen-I move dataset cross-check,https://bulbapedia.bulbagarden.net/wiki/Damage,,,,
94,Poison Sting,Poison,Physical,15.0,100.0,35,0,single_opponent,not_defined_in_gen1,,,Has a ~20% chance to poison the target.,User-provided moves.csv cross-checked against Pokémon Database Generation I move list,https://pokemondb.net/move/generation/1,Physical,standard_formula,True,False,False,,,False,1,,,False,15.0,Bulbapedia Generation I move/damage mechanics; supplied Gen-I move dataset cross-check,https://bulbapedia.bulbagarden.net/wiki/Damage,15.0,,,
95,Poisonpowder,Poison,Physical,,75.0,35,0,single_opponent,not_defined_in_gen1,,,Poisons the target.,User-provided moves.csv cross-checked against Pokémon Database Generation I move list,https://pokemondb.net/move/generation/1,Physical,status,False,False,False,,,False,1,,,False,,Bulbapedia Generation I move/damage mechanics; supplied Gen-I move dataset cross-check,https://bulbapedia.bulbagarden.net/wiki/Damage,,,,
96,Pound,Normal,Physical,40.0,100.0,35,0,single_opponent,not_defined_in_gen1,,,Damages the target.,User-provided moves.csv cross-checked against Pokémon Database Generation I move list,https://pokemondb.net/move/generation/1,Physical,standard_formula,True,False,False,,,False,1,,,False,40.0,Bulbapedia Generation I move/damage mechanics; supplied Gen-I move dataset cross-check,https://bulbapedia.bulbagarden.net/wiki/Damage,40.0,,,
97,Psybeam,Psychic,Special,65.0,100.0,20,0,single_opponent,not_defined_in_gen1,,,Has a ~10% chance to confuse the target.,User-provided moves.csv cross-checked against Pokémon Database Generation I move list,https://pokemondb.net/move/generation/1,Special,standard_formula,True,False,False,,,False,1,,,False,65.0,Bulbapedia Generation I move/damage mechanics; supplied Gen-I move dataset cross-check,https://bulbapedia.bulbagarden.net/wiki/Damage,65.0,,,
98,Psychic,Psychic,Special,90.0,100.0,10,0,single_opponent,not_defined_in_gen1,,,Has a ~30% chance to lower the target's Special by 1 stage.,User-provided moves.csv cross-checked against Pokémon Database Generation I move list,https://pokemondb.net/move/generation/1,Special,standard_formula,True,False,False,,,False,1,,,False,90.0,Bulbapedia Generation I move/damage mechanics; supplied Gen-I move dataset cross-check,https://bulbapedia.bulbagarden.net/wiki/Damage,90.0,,,
99,Psywave,Psychic,Special,,80.0,15,0,single_opponent,not_defined_in_gen1,,,Randomly inflicts set damage between a minimum of 1 HP and a maximum of [1.5x the user's level] HP.,User-provided moves.csv cross-checked against Pokémon Database Generation I move list,https://pokemondb.net/move/generation/1,Special,random_fixed_damage,True,True,False,,,False,1,,,False,,Bulbapedia Generation I move/damage mechanics; supplied Gen-I move dataset cross-check,https://bulbapedia.bulbagarden.net/wiki/Damage,,,,"Random damage from 1 to 1.5x user level, with Gen I integer/random mechanics."
100,Quick Attack,Normal,Physical,40.0,100.0,30,1,single_opponent,not_defined_in_gen1,,,Usually goes first.,User-provided moves.csv cross-checked against Pokémon Database Generation I move list,https://pokemondb.net/move/generation/1,Physical,standard_formula,True,False,False,,,False,1,,,False,40.0,Bulbapedia Generation I move/damage mechanics; supplied Gen-I move dataset cross-check,https://bulbapedia.bulbagarden.net/wiki/Damage,40.0,,,
101,Rage,Normal,Physical,20.0,100.0,20,0,single_opponent,not_defined_in_gen1,,,"The user attacks uncontrollably until it faints or its target faints. During this time, the user's Attack increases by 1 stage for each time it is hit by the target. If this move misses, the user continues to attack but has only a 1/256 chance to land a hit.",User-provided moves.csv cross-checked against Pokémon Database Generation I move list,https://pokemondb.net/move/generation/1,Physical,standard_formula,True,False,False,,,False,1,,,False,20.0,Bulbapedia Generation I move/damage mechanics; supplied Gen-I move dataset cross-check,https://bulbapedia.bulbagarden.net/wiki/Damage,20.0,,,
102,Razor Leaf,Grass,Special,55.0,95.0,25,0,single_opponent,not_defined_in_gen1,,,Has a high critical hit ratio.,User-provided moves.csv cross-checked against Pokémon Database Generation I move list,https://pokemondb.net/move/generation/1,Special,standard_high_crit,True,False,False,,,False,8,,,False,55.0,Bulbapedia Generation I move/damage mechanics; supplied Gen-I move dataset cross-check,https://bulbapedia.bulbagarden.net/wiki/Damage,55.0,,,
103,Razor Wind,Normal,Physical,80.0,75.0,10,0,single_opponent,not_defined_in_gen1,,,"The user prepares on turn one, becoming uncontrollable, and then attacks on turn two.",User-provided moves.csv cross-checked against Pokémon Database Generation I move list,https://pokemondb.net/move/generation/1,Physical,two_turn,True,False,False,,,True,1,,,False,80.0,Bulbapedia Generation I move/damage mechanics; supplied Gen-I move dataset cross-check,https://bulbapedia.bulbagarden.net/wiki/Damage,80.0,,turn_1_prepare;turn_2_attack,
104,Recover,Normal,Physical,,,20,0,single_opponent,not_defined_in_gen1,,,"Restores 1/2 of the user's max HP. However, this move fails if the user's current HP is 511 or 255 HP below its value at full health.",User-provided moves.csv cross-checked against Pokémon Database Generation I move list,https://pokemondb.net/move/generation/1,Physical,status,False,False,False,,,False,1,,,False,,Bulbapedia Generation I move/damage mechanics; supplied Gen-I move dataset cross-check,https://bulbapedia.bulbagarden.net/wiki/Damage,,,,
105,Reflect,Psychic,Special,,,20,0,single_opponent,not_defined_in_gen1,,,The user receives 1/2 damage from Physical attacks until it switches out or either Pokemon uses Haze.,User-provided moves.csv cross-checked against Pokémon Database Generation I move list,https://pokemondb.net/move/generation/1,Special,status,False,False,False,,,False,1,,,False,,Bulbapedia Generation I move/damage mechanics; supplied Gen-I move dataset cross-check,https://bulbapedia.bulbagarden.net/wiki/Damage,,,,
106,Rest,Psychic,Special,,,10,0,single_opponent,not_defined_in_gen1,,,"The user is cured of status effects (and confusion), and recovers full HP, but falls asleep for 2 turns (and then uses a third turn to wake up). However, this move fails if the user's current HP is 511 or 255 HP below its value at full health.",User-provided moves.csv cross-checked against Pokémon Database Generation I move list,https://pokemondb.net/move/generation/1,Special,status,False,False,False,,,False,1,,,False,,Bulbapedia Generation I move/damage mechanics; supplied Gen-I move dataset cross-check,https://bulbapedia.bulbagarden.net/wiki/Damage,,,,
107,Roar,Normal,Physical,,100.0,20,0,single_opponent,not_defined_in_gen1,,,Escapes from wild battles; fails automatically in trainer and link battles.,User-provided moves.csv cross-checked against Pokémon Database Generation I move list,https://pokemondb.net/move/generation/1,Physical,status,False,False,False,,,False,1,,,False,,Bulbapedia Generation I move/damage mechanics; supplied Gen-I move dataset cross-check,https://bulbapedia.bulbagarden.net/wiki/Damage,,,,
108,Rock Slide,Rock,Physical,75.0,90.0,10,0,single_opponent,not_defined_in_gen1,,,Damages the target.,User-provided moves.csv cross-checked against Pokémon Database Generation I move list,https://pokemondb.net/move/generation/1,Physical,standard_formula,True,False,False,,,False,1,,,False,75.0,Bulbapedia Generation I move/damage mechanics; supplied Gen-I move dataset cross-check,https://bulbapedia.bulbagarden.net/wiki/Damage,75.0,,,
109,Rock Throw,Rock,Physical,50.0,65.0,15,0,single_opponent,not_defined_in_gen1,,,Damages the target.,User-provided moves.csv cross-checked against Pokémon Database Generation I move list,https://pokemondb.net/move/generation/1,Physical,standard_formula,True,False,False,,,False,1,,,False,50.0,Bulbapedia Generation I move/damage mechanics; supplied Gen-I move dataset cross-check,https://bulbapedia.bulbagarden.net/wiki/Damage,50.0,,,
110,Rolling Kick,Fighting,Physical,60.0,85.0,15,0,single_opponent,not_defined_in_gen1,,,Has a ~30% chance to make the target flinch.,User-provided moves.csv cross-checked against Pokémon Database Generation I move list,https://pokemondb.net/move/generation/1,Physical,standard_formula,True,False,False,,,False,1,,,False,60.0,Bulbapedia Generation I move/damage mechanics; supplied Gen-I move dataset cross-check,https://bulbapedia.bulbagarden.net/wiki/Damage,60.0,,,
111,Sand-Attack,Ground,Physical,,100.0,15,0,single_opponent,not_defined_in_gen1,,,Lowers the target's Accuracy by 1 stage.,User-provided moves.csv cross-checked against Pokémon Database Generation I move list,https://pokemondb.net/move/generation/1,Physical,status,False,False,False,,,False,1,,,False,,Bulbapedia Generation I move/damage mechanics; supplied Gen-I move dataset cross-check,https://bulbapedia.bulbagarden.net/wiki/Damage,,,,
112,Scratch,Normal,Physical,40.0,100.0,35,0,single_opponent,not_defined_in_gen1,,,Damages the target.,User-provided moves.csv cross-checked against Pokémon Database Generation I move list,https://pokemondb.net/move/generation/1,Physical,standard_formula,True,False,False,,,False,1,,,False,40.0,Bulbapedia Generation I move/damage mechanics; supplied Gen-I move dataset cross-check,https://bulbapedia.bulbagarden.net/wiki/Damage,40.0,,,
113,Screech,Normal,Physical,,85.0,10,0,single_opponent,not_defined_in_gen1,,,Lowers the target's Defense by 2 stages.,User-provided moves.csv cross-checked against Pokémon Database Generation I move list,https://pokemondb.net/move/generation/1,Physical,status,False,False,False,,,False,1,,,False,,Bulbapedia Generation I move/damage mechanics; supplied Gen-I move dataset cross-check,https://bulbapedia.bulbagarden.net/wiki/Damage,,,,
114,Seismic Toss,Fighting,Physical,,100.0,20,0,single_opponent,not_defined_in_gen1,,,Does damage equal to user's level. Hits Ghost-type Pokemon.,User-provided moves.csv cross-checked against Pokémon Database Generation I move list,https://pokemondb.net/move/generation/1,Physical,level_based_fixed_damage,True,True,False,,,False,1,,,False,,Bulbapedia Generation I move/damage mechanics; supplied Gen-I move dataset cross-check,https://bulbapedia.bulbagarden.net/wiki/Damage,,,,Deals damage equal to user level; Gen I Ghost interaction is version/mechanics-sensitive and should be simulated from rules.
115,Selfdestruct,Normal,Physical,130.0,100.0,5,0,single_opponent,not_defined_in_gen1,,,"The Defense stat of other Pokemon is halved against this attack, essentially doubling the move's base power; causes the user to faint.",User-provided moves.csv cross-checked against Pokémon Database Generation I move list,https://pokemondb.net/move/generation/1,Physical,self_destruct,True,False,False,,,False,1,,,True,130.0,Bulbapedia Generation I move/damage mechanics; supplied Gen-I move dataset cross-check,https://bulbapedia.bulbagarden.net/wiki/Damage,130.0,,,Uses standard damage with Gen I Defense-halving mechanic; user faints after successful use.
116,Sharpen,Normal,Physical,,,30,0,single_opponent,not_defined_in_gen1,,,Raises the user's Attack by 1 stage.,User-provided moves.csv cross-checked against Pokémon Database Generation I move list,https://pokemondb.net/move/generation/1,Physical,status,False,False,False,,,False,1,,,False,,Bulbapedia Generation I move/damage mechanics; supplied Gen-I move dataset cross-check,https://bulbapedia.bulbagarden.net/wiki/Damage,,,,
117,Sing,Normal,Physical,,55.0,15,0,single_opponent,not_defined_in_gen1,,,Puts the target to sleep.,User-provided moves.csv cross-checked against Pokémon Database Generation I move list,https://pokemondb.net/move/generation/1,Physical,status,False,False,False,,,False,1,,,False,,Bulbapedia Generation I move/damage mechanics; supplied Gen-I move dataset cross-check,https://bulbapedia.bulbagarden.net/wiki/Damage,,,,
118,Skull Bash,Normal,Physical,100.0,100.0,15,0,single_opponent,not_defined_in_gen1,,,"The user prepares on turn one, becoming uncontrollable, and then attacks on turn two.",User-provided moves.csv cross-checked against Pokémon Database Generation I move list,https://pokemondb.net/move/generation/1,Physical,two_turn,True,False,False,,,True,1,,,False,100.0,Bulbapedia Generation I move/damage mechanics; supplied Gen-I move dataset cross-check,https://bulbapedia.bulbagarden.net/wiki/Damage,100.0,,turn_1_prepare;turn_2_attack,
119,Sky Attack,Flying,Physical,140.0,90.0,5,0,single_opponent,not_defined_in_gen1,,,"The user prepares on turn one, becoming uncontrollable, and then attacks on turn two.",User-provided moves.csv cross-checked against Pokémon Database Generation I move list,https://pokemondb.net/move/generation/1,Physical,two_turn,True,False,False,,,True,1,,,False,140.0,Bulbapedia Generation I move/damage mechanics; supplied Gen-I move dataset cross-check,https://bulbapedia.bulbagarden.net/wiki/Damage,140.0,,turn_1_prepare;turn_2_attack,
120,Slam,Normal,Physical,80.0,75.0,20,0,single_opponent,not_defined_in_gen1,,,Damages the target.,User-provided moves.csv cross-checked against Pokémon Database Generation I move list,https://pokemondb.net/move/generation/1,Physical,standard_formula,True,False,False,,,False,1,,,False,80.0,Bulbapedia Generation I move/damage mechanics; supplied Gen-I move dataset cross-check,https://bulbapedia.bulbagarden.net/wiki/Damage,80.0,,,
121,Slash,Normal,Physical,70.0,100.0,20,0,single_opponent,not_defined_in_gen1,,,Has a high critical hit ratio.,User-provided moves.csv cross-checked against Pokémon Database Generation I move list,https://pokemondb.net/move/generation/1,Physical,standard_high_crit,True,False,False,,,False,8,,,False,70.0,Bulbapedia Generation I move/damage mechanics; supplied Gen-I move dataset cross-check,https://bulbapedia.bulbagarden.net/wiki/Damage,70.0,,,
122,Sleep Powder,Grass,Special,,75.0,15,0,single_opponent,not_defined_in_gen1,,,Puts the target to sleep.,User-provided moves.csv cross-checked against Pokémon Database Generation I move list,https://pokemondb.net/move/generation/1,Special,status,False,False,False,,,False,1,,,False,,Bulbapedia Generation I move/damage mechanics; supplied Gen-I move dataset cross-check,https://bulbapedia.bulbagarden.net/wiki/Damage,,,,
123,Sludge,Poison,Physical,65.0,100.0,20,0,single_opponent,not_defined_in_gen1,,,Has a ~30% chance to poison the target.,User-provided moves.csv cross-checked against Pokémon Database Generation I move list,https://pokemondb.net/move/generation/1,Physical,standard_formula,True,False,False,,,False,1,,,False,65.0,Bulbapedia Generation I move/damage mechanics; supplied Gen-I move dataset cross-check,https://bulbapedia.bulbagarden.net/wiki/Damage,65.0,,,
124,Smog,Poison,Physical,20.0,70.0,20,0,single_opponent,not_defined_in_gen1,,,Has a ~30% chance to poison the target.,User-provided moves.csv cross-checked against Pokémon Database Generation I move list,https://pokemondb.net/move/generation/1,Physical,standard_formula,True,False,False,,,False,1,,,False,20.0,Bulbapedia Generation I move/damage mechanics; supplied Gen-I move dataset cross-check,https://bulbapedia.bulbagarden.net/wiki/Damage,20.0,,,
125,Smokescreen,Normal,Physical,,100.0,20,0,single_opponent,not_defined_in_gen1,,,Lowers the target's Accuracy by 1 stage.,User-provided moves.csv cross-checked against Pokémon Database Generation I move list,https://pokemondb.net/move/generation/1,Physical,status,False,False,False,,,False,1,,,False,,Bulbapedia Generation I move/damage mechanics; supplied Gen-I move dataset cross-check,https://bulbapedia.bulbagarden.net/wiki/Damage,,,,
126,Softboiled,Normal,Physical,,,10,0,single_opponent,not_defined_in_gen1,,,"Restores 1/2 of the user's max HP. However, this move fails if the user's current HP is 511 or 255 HP below its value at full health.",User-provided moves.csv cross-checked against Pokémon Database Generation I move list,https://pokemondb.net/move/generation/1,Physical,status,False,False,False,,,False,1,,,False,,Bulbapedia Generation I move/damage mechanics; supplied Gen-I move dataset cross-check,https://bulbapedia.bulbagarden.net/wiki/Damage,,,,
127,Solarbeam,Grass,Special,120.0,100.0,10,0,single_opponent,not_defined_in_gen1,,,"The user prepares on turn one, becoming uncontrollable, and then attacks on turn two.",User-provided moves.csv cross-checked against Pokémon Database Generation I move list,https://pokemondb.net/move/generation/1,Special,two_turn,True,False,False,,,True,1,,,False,120.0,Bulbapedia Generation I move/damage mechanics; supplied Gen-I move dataset cross-check,https://bulbapedia.bulbagarden.net/wiki/Damage,120.0,,turn_1_prepare;turn_2_attack,
128,Sonicboom,Normal,Physical,,90.0,20,0,single_opponent,not_defined_in_gen1,,,Always deals 20 points of damage.,User-provided moves.csv cross-checked against Pokémon Database Generation I move list,https://pokemondb.net/move/generation/1,Physical,fixed_20,True,True,False,,,False,1,,,False,,Bulbapedia Generation I move/damage mechanics; supplied Gen-I move dataset cross-check,https://bulbapedia.bulbagarden.net/wiki/Damage,,,,Fixed 20 damage.
129,Spike Cannon,Normal,Physical,20.0,100.0,15,0,single_opponent,not_defined_in_gen1,,,"Attacks 2-5 times in one turn; if one of these attacks breaks a target's Substitute, the target will take damage for the rest of the hits. This move has a 3/8 chance to hit twice, a 3/8 chance to hit three times, a 1/8 chance to hit four times and a 1/8 chance to hit five times.",User-provided moves.csv cross-checked against Pokémon Database Generation I move list,https://pokemondb.net/move/generation/1,Physical,multi_hit,True,False,False,2.0,5.0,False,1,,,False,20.0,Bulbapedia Generation I move/damage mechanics; supplied Gen-I move dataset cross-check,https://bulbapedia.bulbagarden.net/wiki/Damage,20.0,2:3/8;3:3/8;4:1/8;5:1/8,,
130,Splash,Normal,Physical,,,40,0,single_opponent,not_defined_in_gen1,,,Doesn't do anything (but we still love it).,User-provided moves.csv cross-checked against Pokémon Database Generation I move list,https://pokemondb.net/move/generation/1,Physical,status,False,False,False,,,False,1,,,False,,Bulbapedia Generation I move/damage mechanics; supplied Gen-I move dataset cross-check,https://bulbapedia.bulbagarden.net/wiki/Damage,,,,
131,Spore,Grass,Special,,100.0,15,0,single_opponent,not_defined_in_gen1,,,Puts the target to sleep.,User-provided moves.csv cross-checked against Pokémon Database Generation I move list,https://pokemondb.net/move/generation/1,Special,status,False,False,False,,,False,1,,,False,,Bulbapedia Generation I move/damage mechanics; supplied Gen-I move dataset cross-check,https://bulbapedia.bulbagarden.net/wiki/Damage,,,,
132,Stomp,Normal,Physical,65.0,100.0,20,0,single_opponent,not_defined_in_gen1,,,Has a ~30% chance to make the target flinch.,User-provided moves.csv cross-checked against Pokémon Database Generation I move list,https://pokemondb.net/move/generation/1,Physical,standard_formula,True,False,False,,,False,1,,,False,65.0,Bulbapedia Generation I move/damage mechanics; supplied Gen-I move dataset cross-check,https://bulbapedia.bulbagarden.net/wiki/Damage,65.0,,,
133,Strength,Normal,Physical,80.0,100.0,15,0,single_opponent,not_defined_in_gen1,,,Damages the target.,User-provided moves.csv cross-checked against Pokémon Database Generation I move list,https://pokemondb.net/move/generation/1,Physical,standard_formula,True,False,False,,,False,1,,,False,80.0,Bulbapedia Generation I move/damage mechanics; supplied Gen-I move dataset cross-check,https://bulbapedia.bulbagarden.net/wiki/Damage,80.0,,,
134,String Shot,Bug,Physical,,95.0,40,0,single_opponent,not_defined_in_gen1,,,Lowers the target's Speed by 1 stage.,User-provided moves.csv cross-checked against Pokémon Database Generation I move list,https://pokemondb.net/move/generation/1,Physical,status,False,False,False,,,False,1,,,False,,Bulbapedia Generation I move/damage mechanics; supplied Gen-I move dataset cross-check,https://bulbapedia.bulbagarden.net/wiki/Damage,,,,
135,Struggle,Normal,Physical,50.0,100.0,1,0,single_opponent,not_defined_in_gen1,,,"Used automatically when all of the user's other moves have run out of PP or are otherwise inaccessible. The user receives 1/4 recoil damage. Struggle is classified as a Normal-type move, so it is resisted by Rock-type Pokemon and cannot hit Ghost-type Pokemon at all.",User-provided moves.csv cross-checked against Pokémon Database Generation I move list,https://pokemondb.net/move/generation/1,Physical,standard_plus_recoil,True,False,False,,,False,1,0.5,,False,50.0,Bulbapedia Generation I move/damage mechanics; supplied Gen-I move dataset cross-check,https://bulbapedia.bulbagarden.net/wiki/Damage,50.0,,,
136,Stun Spore,Grass,Special,,75.0,30,0,single_opponent,not_defined_in_gen1,,,Paralyzes the target.,User-provided moves.csv cross-checked against Pokémon Database Generation I move list,https://pokemondb.net/move/generation/1,Special,status,False,False,False,,,False,1,,,False,,Bulbapedia Generation I move/damage mechanics; supplied Gen-I move dataset cross-check,https://bulbapedia.bulbagarden.net/wiki/Damage,,,,
137,Submission,Fighting,Physical,80.0,80.0,20,0,single_opponent,not_defined_in_gen1,,,The user receives 1/4 recoil damage.,User-provided moves.csv cross-checked against Pokémon Database Generation I move list,https://pokemondb.net/move/generation/1,Physical,standard_plus_recoil,True,False,False,,,False,1,0.25,,False,80.0,Bulbapedia Generation I move/damage mechanics; supplied Gen-I move dataset cross-check,https://bulbapedia.bulbagarden.net/wiki/Damage,80.0,,,
138,Substitute,Normal,Physical,,,10,0,single_opponent,not_defined_in_gen1,,,"The user takes one-fourth of its maximum HP to create a substitute; this move fails if the user does not have enough HP for this. Until the substitute is broken, it receives damage from all attacks made by other Pokemon. In-game, the user can still be inflicted with status effects and stat modifiers from other Pokemon, but this is fixed in Pokemon Stadium. If a Substitute breaks from a hit during a multistrike move such as Fury Attack, the user takes damage from the remaining strikes.",User-provided moves.csv cross-checked against Pokémon Database Generation I move list,https://pokemondb.net/move/generation/1,Physical,status,False,False,False,,,False,1,,,False,,Bulbapedia Generation I move/damage mechanics; supplied Gen-I move dataset cross-check,https://bulbapedia.bulbagarden.net/wiki/Damage,,,,
139,Super Fang,Normal,Physical,,90.0,10,0,single_opponent,not_defined_in_gen1,,,This move halves the target's current HP.,User-provided moves.csv cross-checked against Pokémon Database Generation I move list,https://pokemondb.net/move/generation/1,Physical,half_current_hp,True,True,False,,,False,1,,,False,,Bulbapedia Generation I move/damage mechanics; supplied Gen-I move dataset cross-check,https://bulbapedia.bulbagarden.net/wiki/Damage,,,,Deals half of target current HP (rounded down in Gen I).
140,Supersonic,Normal,Physical,,55.0,20,0,single_opponent,not_defined_in_gen1,,,Confuses the target.,User-provided moves.csv cross-checked against Pokémon Database Generation I move list,https://pokemondb.net/move/generation/1,Physical,status,False,False,False,,,False,1,,,False,,Bulbapedia Generation I move/damage mechanics; supplied Gen-I move dataset cross-check,https://bulbapedia.bulbagarden.net/wiki/Damage,,,,
141,Surf,Water,Special,95.0,100.0,15,0,single_opponent,not_defined_in_gen1,,,Damages the target.,User-provided moves.csv cross-checked against Pokémon Database Generation I move list,https://pokemondb.net/move/generation/1,Special,standard_formula,True,False,False,,,False,1,,,False,95.0,Bulbapedia Generation I move/damage mechanics; supplied Gen-I move dataset cross-check,https://bulbapedia.bulbagarden.net/wiki/Damage,95.0,,,
142,Swift,Normal,Physical,60.0,,20,0,single_opponent,not_defined_in_gen1,,,Ignores Evasion and Accuracy modifiers and will hit Pokemon even if they are in the middle of Fly or Dig. Has a 1-in-256 chance of missing.,User-provided moves.csv cross-checked against Pokémon Database Generation I move list,https://pokemondb.net/move/generation/1,Physical,standard_formula,True,False,False,,,False,1,,,False,60.0,Bulbapedia Generation I move/damage mechanics; supplied Gen-I move dataset cross-check,https://bulbapedia.bulbagarden.net/wiki/Damage,60.0,,,
143,Swords Dance,Normal,Physical,,,30,0,single_opponent,not_defined_in_gen1,,,Raises the user's Attack by 2 stages.,User-provided moves.csv cross-checked against Pokémon Database Generation I move list,https://pokemondb.net/move/generation/1,Physical,status,False,False,False,,,False,1,,,False,,Bulbapedia Generation I move/damage mechanics; supplied Gen-I move dataset cross-check,https://bulbapedia.bulbagarden.net/wiki/Damage,,,,
144,Tackle,Normal,Physical,35.0,95.0,35,0,single_opponent,not_defined_in_gen1,,,Damages the target.,User-provided moves.csv cross-checked against Pokémon Database Generation I move list,https://pokemondb.net/move/generation/1,Physical,standard_formula,True,False,False,,,False,1,,,False,35.0,Bulbapedia Generation I move/damage mechanics; supplied Gen-I move dataset cross-check,https://bulbapedia.bulbagarden.net/wiki/Damage,35.0,,,
145,Tail Whip,Normal,Physical,,100.0,30,0,single_opponent,not_defined_in_gen1,,,Lowers the target's Defense by 1 stage.,User-provided moves.csv cross-checked against Pokémon Database Generation I move list,https://pokemondb.net/move/generation/1,Physical,status,False,False,False,,,False,1,,,False,,Bulbapedia Generation I move/damage mechanics; supplied Gen-I move dataset cross-check,https://bulbapedia.bulbagarden.net/wiki/Damage,,,,
146,Take Down,Normal,Physical,90.0,85.0,20,0,single_opponent,not_defined_in_gen1,,,The user receives 1/4 recoil damage.,User-provided moves.csv cross-checked against Pokémon Database Generation I move list,https://pokemondb.net/move/generation/1,Physical,standard_plus_recoil,True,False,False,,,False,1,0.25,,False,90.0,Bulbapedia Generation I move/damage mechanics; supplied Gen-I move dataset cross-check,https://bulbapedia.bulbagarden.net/wiki/Damage,90.0,,,
147,Teleport,Psychic,Special,,,20,0,single_opponent,not_defined_in_gen1,,,Escapes from wild battles; fails automatically in trainer and link battles.,User-provided moves.csv cross-checked against Pokémon Database Generation I move list,https://pokemondb.net/move/generation/1,Special,status,False,False,False,,,False,1,,,False,,Bulbapedia Generation I move/damage mechanics; supplied Gen-I move dataset cross-check,https://bulbapedia.bulbagarden.net/wiki/Damage,,,,
148,Thrash,Normal,Physical,90.0,100.0,20,0,single_opponent,not_defined_in_gen1,,,The user attacks uncontrollably for 2-3 turns and then gets confused.,User-provided moves.csv cross-checked against Pokémon Database Generation I move list,https://pokemondb.net/move/generation/1,Physical,standard_formula,True,False,False,,,False,1,,,False,90.0,Bulbapedia Generation I move/damage mechanics; supplied Gen-I move dataset cross-check,https://bulbapedia.bulbagarden.net/wiki/Damage,90.0,,,
149,Thunder,Electric,Special,120.0,70.0,10,0,single_opponent,not_defined_in_gen1,,,Has a ~10% chance to paralyze the target.,User-provided moves.csv cross-checked against Pokémon Database Generation I move list,https://pokemondb.net/move/generation/1,Special,standard_formula,True,False,False,,,False,1,,,False,120.0,Bulbapedia Generation I move/damage mechanics; supplied Gen-I move dataset cross-check,https://bulbapedia.bulbagarden.net/wiki/Damage,120.0,,,
150,Thunder Wave,Electric,Special,,100.0,20,0,single_opponent,not_defined_in_gen1,,,Paralyzes the target.,User-provided moves.csv cross-checked against Pokémon Database Generation I move list,https://pokemondb.net/move/generation/1,Special,status,False,False,False,,,False,1,,,False,,Bulbapedia Generation I move/damage mechanics; supplied Gen-I move dataset cross-check,https://bulbapedia.bulbagarden.net/wiki/Damage,,,,
151,Thunderbolt,Electric,Special,95.0,100.0,15,0,single_opponent,not_defined_in_gen1,,,Has a ~10% chance to paralyze the target.,User-provided moves.csv cross-checked against Pokémon Database Generation I move list,https://pokemondb.net/move/generation/1,Special,standard_formula,True,False,False,,,False,1,,,False,95.0,Bulbapedia Generation I move/damage mechanics; supplied Gen-I move dataset cross-check,https://bulbapedia.bulbagarden.net/wiki/Damage,95.0,,,
152,Thunderpunch,Electric,Special,75.0,100.0,15,0,single_opponent,not_defined_in_gen1,,,Has a ~10% chance to paralyze the target.,User-provided moves.csv cross-checked against Pokémon Database Generation I move list,https://pokemondb.net/move/generation/1,Special,standard_formula,True,False,False,,,False,1,,,False,75.0,Bulbapedia Generation I move/damage mechanics; supplied Gen-I move dataset cross-check,https://bulbapedia.bulbagarden.net/wiki/Damage,75.0,,,
153,Thundershock,Electric,Special,40.0,100.0,30,0,single_opponent,not_defined_in_gen1,,,Has a ~10% chance to paralyze the target.,User-provided moves.csv cross-checked against Pokémon Database Generation I move list,https://pokemondb.net/move/generation/1,Special,standard_formula,True,False,False,,,False,1,,,False,40.0,Bulbapedia Generation I move/damage mechanics; supplied Gen-I move dataset cross-check,https://bulbapedia.bulbagarden.net/wiki/Damage,40.0,,,
154,Toxic,Poison,Physical,,85.0,10,0,single_opponent,not_defined_in_gen1,,,"The target is badly poisoned, with the damage caused by poison doubling after each turn. However, Toxic poisoning will revert to normal poisoning if the poisoned Pokemon is switched out or uses Haze. Damage caused by Leech Seed will also increase as Toxic damage increases.",User-provided moves.csv cross-checked against Pokémon Database Generation I move list,https://pokemondb.net/move/generation/1,Physical,status,False,False,False,,,False,1,,,False,,Bulbapedia Generation I move/damage mechanics; supplied Gen-I move dataset cross-check,https://bulbapedia.bulbagarden.net/wiki/Damage,,,,
155,Transform,Normal,Physical,,,10,0,single_opponent,not_defined_in_gen1,,,"The user morphs into a near-exact copy of the target. Stats, stat modifiers, type, moves and appearance are changed; the user's level and HP remain the same and each copied move receives only 5 PP.",User-provided moves.csv cross-checked against Pokémon Database Generation I move list,https://pokemondb.net/move/generation/1,Physical,status,False,False,False,,,False,1,,,False,,Bulbapedia Generation I move/damage mechanics; supplied Gen-I move dataset cross-check,https://bulbapedia.bulbagarden.net/wiki/Damage,,,,
156,Tri Attack,Normal,Physical,80.0,100.0,10,0,single_opponent,not_defined_in_gen1,,,Damages the target.,User-provided moves.csv cross-checked against Pokémon Database Generation I move list,https://pokemondb.net/move/generation/1,Physical,standard_formula,True,False,False,,,False,1,,,False,80.0,Bulbapedia Generation I move/damage mechanics; supplied Gen-I move dataset cross-check,https://bulbapedia.bulbagarden.net/wiki/Damage,80.0,,,
157,Twineedle,Bug,Physical,25.0,100.0,20,0,single_opponent,not_defined_in_gen1,,,"Strikes twice; if the first hit breaks the target's Substitute, the real Pokemon will take damage from the second hit. Has a ~20% chance to poison the target .",User-provided moves.csv cross-checked against Pokémon Database Generation I move list,https://pokemondb.net/move/generation/1,Physical,multi_hit,True,False,False,2.0,5.0,False,1,,,False,25.0,Bulbapedia Generation I move/damage mechanics; supplied Gen-I move dataset cross-check,https://bulbapedia.bulbagarden.net/wiki/Damage,25.0,2:1,,
158,Vicegrip,Normal,Physical,55.0,100.0,30,0,single_opponent,not_defined_in_gen1,,,Damages the target.,User-provided moves.csv cross-checked against Pokémon Database Generation I move list,https://pokemondb.net/move/generation/1,Physical,standard_formula,True,False,False,,,False,1,,,False,55.0,Bulbapedia Generation I move/damage mechanics; supplied Gen-I move dataset cross-check,https://bulbapedia.bulbagarden.net/wiki/Damage,55.0,,,
159,Vine Whip,Grass,Special,35.0,100.0,10,0,single_opponent,not_defined_in_gen1,,,Damages the target.,User-provided moves.csv cross-checked against Pokémon Database Generation I move list,https://pokemondb.net/move/generation/1,Special,standard_formula,True,False,False,,,False,1,,,False,35.0,Bulbapedia Generation I move/damage mechanics; supplied Gen-I move dataset cross-check,https://bulbapedia.bulbagarden.net/wiki/Damage,35.0,,,
160,Water Gun,Water,Special,40.0,100.0,25,0,single_opponent,not_defined_in_gen1,,,Damages the target.,User-provided moves.csv cross-checked against Pokémon Database Generation I move list,https://pokemondb.net/move/generation/1,Special,standard_formula,True,False,False,,,False,1,,,False,40.0,Bulbapedia Generation I move/damage mechanics; supplied Gen-I move dataset cross-check,https://bulbapedia.bulbagarden.net/wiki/Damage,40.0,,,
161,Waterfall,Water,Special,80.0,100.0,15,0,single_opponent,not_defined_in_gen1,,,Damages the target.,User-provided moves.csv cross-checked against Pokémon Database Generation I move list,https://pokemondb.net/move/generation/1,Special,standard_formula,True,False,False,,,False,1,,,False,80.0,Bulbapedia Generation I move/damage mechanics; supplied Gen-I move dataset cross-check,https://bulbapedia.bulbagarden.net/wiki/Damage,80.0,,,
162,Whirlwind,Normal,Physical,,85.0,20,0,single_opponent,not_defined_in_gen1,,,Escapes from wild battles; fails automatically in trainer and link battles.,User-provided moves.csv cross-checked against Pokémon Database Generation I move list,https://pokemondb.net/move/generation/1,Physical,status,False,False,False,,,False,1,,,False,,Bulbapedia Generation I move/damage mechanics; supplied Gen-I move dataset cross-check,https://bulbapedia.bulbagarden.net/wiki/Damage,,,,
163,Wing Attack,Flying,Physical,35.0,100.0,35,0,single_opponent,not_defined_in_gen1,,,Damages the target.,User-provided moves.csv cross-checked against Pokémon Database Generation I move list,https://pokemondb.net/move/generation/1,Physical,standard_formula,True,False,False,,,False,1,,,False,35.0,Bulbapedia Generation I move/damage mechanics; supplied Gen-I move dataset cross-check,https://bulbapedia.bulbagarden.net/wiki/Damage,35.0,,,
164,Withdraw,Water,Special,,,40,0,single_opponent,not_defined_in_gen1,,,Raises the user's Defense by 1 stage.,User-provided moves.csv cross-checked against Pokémon Database Generation I move list,https://pokemondb.net/move/generation/1,Special,status,False,False,False,,,False,1,,,False,,Bulbapedia Generation I move/damage mechanics; supplied Gen-I move dataset cross-check,https://bulbapedia.bulbagarden.net/wiki/Damage,,,,
165,Wrap,Normal,Physical,15.0,85.0,20,0,single_opponent,not_defined_in_gen1,,,"The user becomes uncontrollable and attacks for 2-5 consecutive turns; the target cannot make attacks of its own during this time, but it may switch out, use items or run away.",User-provided moves.csv cross-checked against Pokémon Database Generation I move list,https://pokemondb.net/move/generation/1,Physical,standard_formula,True,False,False,,,False,1,,,False,15.0,Bulbapedia Generation I move/damage mechanics; supplied Gen-I move dataset cross-check,https://bulbapedia.bulbagarden.net/wiki/Damage,15.0,,,
