pokemon_id,name,pokedex_number,generation,level,type_1,type_2,base_hp,base_attack,base_defense,base_sp_attack,base_sp_defense,base_speed,level70_hp,level70_attack,level70_defense,level70_sp_attack,level70_sp_defense,level70_speed,ability_1,ability_2,hidden_ability,source,source_url,gen1_stat_level,gen1_dv_hp,gen1_dv_attack,gen1_dv_defense,gen1_dv_speed,gen1_dv_special,gen1_statexp_hp,gen1_statexp_attack,gen1_statexp_defense,gen1_statexp_speed,gen1_statexp_special,base_special,level70_special,stat_assumption,gen1_crit_threshold,gen1_crit_probability,gen1_high_crit_threshold,gen1_high_crit_probability
1,Bulbasaur,1,1,70,Grass,Poison,45,49,49,65,65,45,207,138,138,160,160,132,,,,Bulbapedia Gen I base stats; user-provided FirstGenPokemon.csv cross-check,https://bulbapedia.bulbagarden.net/wiki/List_of_Pok%C3%A9mon_by_base_stats_in_Generation_I,70,15,15,15,15,15,63001,63001,63001,63001,63001,65,160,Gen I benchmark: DV=15 and Stat EXP=63001 in HP/Attack/Defense/Speed/Special; Level 70,22,0.0859375,176,0.6875
2,Ivysaur,2,1,70,Grass,Poison,60,62,63,80,80,60,228,156,157,181,181,153,,,,Bulbapedia Gen I base stats; user-provided FirstGenPokemon.csv cross-check,https://bulbapedia.bulbagarden.net/wiki/List_of_Pok%C3%A9mon_by_base_stats_in_Generation_I,70,15,15,15,15,15,63001,63001,63001,63001,63001,80,181,Gen I benchmark: DV=15 and Stat EXP=63001 in HP/Attack/Defense/Speed/Special; Level 70,30,0.1171875,240,0.9375
3,Venusaur,3,1,70,Grass,Poison,80,82,83,100,100,80,256,184,185,209,209,181,,,,Bulbapedia Gen I base stats; user-provided FirstGenPokemon.csv cross-check,https://bulbapedia.bulbagarden.net/wiki/List_of_Pok%C3%A9mon_by_base_stats_in_Generation_I,70,15,15,15,15,15,63001,63001,63001,63001,63001,100,209,Gen I benchmark: DV=15 and Stat EXP=63001 in HP/Attack/Defense/Speed/Special; Level 70,40,0.15625,255,0.99609375
4,Charmander,4,1,70,Fire,,39,52,43,50,50,65,199,142,129,139,139,160,,,,Bulbapedia Gen I base stats; user-provided FirstGenPokemon.csv cross-check,https://bulbapedia.bulbagarden.net/wiki/List_of_Pok%C3%A9mon_by_base_stats_in_Generation_I,70,15,15,15,15,15,63001,63001,63001,63001,63001,50,139,Gen I benchmark: DV=15 and Stat EXP=63001 in HP/Attack/Defense/Speed/Special; Level 70,32,0.125,255,0.99609375
5,Charmeleon,5,1,70,Fire,,58,64,58,65,65,80,225,159,150,160,160,181,,,,Bulbapedia Gen I base stats; user-provided FirstGenPokemon.csv cross-check,https://bulbapedia.bulbagarden.net/wiki/List_of_Pok%C3%A9mon_by_base_stats_in_Generation_I,70,15,15,15,15,15,63001,63001,63001,63001,63001,65,160,Gen I benchmark: DV=15 and Stat EXP=63001 in HP/Attack/Defense/Speed/Special; Level 70,40,0.15625,255,0.99609375
6,Charizard,6,1,70,Fire,Flying,78,84,78,85,85,100,253,187,178,188,188,209,,,,Bulbapedia Gen I base stats; user-provided FirstGenPokemon.csv cross-check,https://bulbapedia.bulbagarden.net/wiki/List_of_Pok%C3%A9mon_by_base_stats_in_Generation_I,70,15,15,15,15,15,63001,63001,63001,63001,63001,85,188,Gen I benchmark: DV=15 and Stat EXP=63001 in HP/Attack/Defense/Speed/Special; Level 70,50,0.1953125,255,0.99609375
7,Squirtle,7,1,70,Water,,44,48,65,50,50,43,206,136,160,139,139,129,,,,Bulbapedia Gen I base stats; user-provided FirstGenPokemon.csv cross-check,https://bulbapedia.bulbagarden.net/wiki/List_of_Pok%C3%A9mon_by_base_stats_in_Generation_I,70,15,15,15,15,15,63001,63001,63001,63001,63001,50,139,Gen I benchmark: DV=15 and Stat EXP=63001 in HP/Attack/Defense/Speed/Special; Level 70,21,0.08203125,168,0.65625
8,Wartortle,8,1,70,Water,,59,63,80,65,65,58,227,157,181,160,160,150,,,,Bulbapedia Gen I base stats; user-provided FirstGenPokemon.csv cross-check,https://bulbapedia.bulbagarden.net/wiki/List_of_Pok%C3%A9mon_by_base_stats_in_Generation_I,70,15,15,15,15,15,63001,63001,63001,63001,63001,65,160,Gen I benchmark: DV=15 and Stat EXP=63001 in HP/Attack/Defense/Speed/Special; Level 70,29,0.11328125,232,0.90625
9,Blastoise,9,1,70,Water,,79,83,100,85,85,78,255,185,209,188,188,178,,,,Bulbapedia Gen I base stats; user-provided FirstGenPokemon.csv cross-check,https://bulbapedia.bulbagarden.net/wiki/List_of_Pok%C3%A9mon_by_base_stats_in_Generation_I,70,15,15,15,15,15,63001,63001,63001,63001,63001,85,188,Gen I benchmark: DV=15 and Stat EXP=63001 in HP/Attack/Defense/Speed/Special; Level 70,39,0.15234375,255,0.99609375
10,Caterpie,10,1,70,Bug,,45,30,35,20,20,45,207,111,118,97,97,132,,,,Bulbapedia Gen I base stats; user-provided FirstGenPokemon.csv cross-check,https://bulbapedia.bulbagarden.net/wiki/List_of_Pok%C3%A9mon_by_base_stats_in_Generation_I,70,15,15,15,15,15,63001,63001,63001,63001,63001,20,97,Gen I benchmark: DV=15 and Stat EXP=63001 in HP/Attack/Defense/Speed/Special; Level 70,22,0.0859375,176,0.6875
11,Metapod,11,1,70,Bug,,50,20,55,25,25,30,214,97,146,104,104,111,,,,Bulbapedia Gen I base stats; user-provided FirstGenPokemon.csv cross-check,https://bulbapedia.bulbagarden.net/wiki/List_of_Pok%C3%A9mon_by_base_stats_in_Generation_I,70,15,15,15,15,15,63001,63001,63001,63001,63001,25,104,Gen I benchmark: DV=15 and Stat EXP=63001 in HP/Attack/Defense/Speed/Special; Level 70,15,0.05859375,120,0.46875
12,Butterfree,12,1,70,Bug,Flying,60,45,50,80,80,70,228,132,139,181,181,167,,,,Bulbapedia Gen I base stats; user-provided FirstGenPokemon.csv cross-check,https://bulbapedia.bulbagarden.net/wiki/List_of_Pok%C3%A9mon_by_base_stats_in_Generation_I,70,15,15,15,15,15,63001,63001,63001,63001,63001,80,181,Gen I benchmark: DV=15 and Stat EXP=63001 in HP/Attack/Defense/Speed/Special; Level 70,35,0.13671875,255,0.99609375
13,Weedle,13,1,70,Bug,Poison,40,35,30,20,20,50,200,118,111,97,97,139,,,,Bulbapedia Gen I base stats; user-provided FirstGenPokemon.csv cross-check,https://bulbapedia.bulbagarden.net/wiki/List_of_Pok%C3%A9mon_by_base_stats_in_Generation_I,70,15,15,15,15,15,63001,63001,63001,63001,63001,20,97,Gen I benchmark: DV=15 and Stat EXP=63001 in HP/Attack/Defense/Speed/Special; Level 70,25,0.09765625,200,0.78125
14,Kakuna,14,1,70,Bug,Poison,45,25,50,25,25,35,207,104,139,104,104,118,,,,Bulbapedia Gen I base stats; user-provided FirstGenPokemon.csv cross-check,https://bulbapedia.bulbagarden.net/wiki/List_of_Pok%C3%A9mon_by_base_stats_in_Generation_I,70,15,15,15,15,15,63001,63001,63001,63001,63001,25,104,Gen I benchmark: DV=15 and Stat EXP=63001 in HP/Attack/Defense/Speed/Special; Level 70,17,0.06640625,136,0.53125
15,Beedrill,15,1,70,Bug,Poison,65,80,40,45,45,75,235,181,125,132,132,174,,,,Bulbapedia Gen I base stats; user-provided FirstGenPokemon.csv cross-check,https://bulbapedia.bulbagarden.net/wiki/List_of_Pok%C3%A9mon_by_base_stats_in_Generation_I,70,15,15,15,15,15,63001,63001,63001,63001,63001,45,132,Gen I benchmark: DV=15 and Stat EXP=63001 in HP/Attack/Defense/Speed/Special; Level 70,37,0.14453125,255,0.99609375
16,Pidgey,16,1,70,Normal,Flying,40,45,40,35,35,56,200,132,125,118,118,147,,,,Bulbapedia Gen I base stats; user-provided FirstGenPokemon.csv cross-check,https://bulbapedia.bulbagarden.net/wiki/List_of_Pok%C3%A9mon_by_base_stats_in_Generation_I,70,15,15,15,15,15,63001,63001,63001,63001,63001,35,118,Gen I benchmark: DV=15 and Stat EXP=63001 in HP/Attack/Defense/Speed/Special; Level 70,28,0.109375,224,0.875
17,Pidgeotto,17,1,70,Normal,Flying,63,60,55,50,50,71,232,153,146,139,139,168,,,,Bulbapedia Gen I base stats; user-provided FirstGenPokemon.csv cross-check,https://bulbapedia.bulbagarden.net/wiki/List_of_Pok%C3%A9mon_by_base_stats_in_Generation_I,70,15,15,15,15,15,63001,63001,63001,63001,63001,50,139,Gen I benchmark: DV=15 and Stat EXP=63001 in HP/Attack/Defense/Speed/Special; Level 70,35,0.13671875,255,0.99609375
18,Pidgeot,18,1,70,Normal,Flying,83,80,75,70,70,91,260,181,174,167,167,196,,,,Bulbapedia Gen I base stats; user-provided FirstGenPokemon.csv cross-check,https://bulbapedia.bulbagarden.net/wiki/List_of_Pok%C3%A9mon_by_base_stats_in_Generation_I,70,15,15,15,15,15,63001,63001,63001,63001,63001,70,167,Gen I benchmark: DV=15 and Stat EXP=63001 in HP/Attack/Defense/Speed/Special; Level 70,45,0.17578125,255,0.99609375
19,Rattata,19,1,70,Normal,,30,56,35,25,25,72,186,147,118,104,104,170,,,,Bulbapedia Gen I base stats; user-provided FirstGenPokemon.csv cross-check,https://bulbapedia.bulbagarden.net/wiki/List_of_Pok%C3%A9mon_by_base_stats_in_Generation_I,70,15,15,15,15,15,63001,63001,63001,63001,63001,25,104,Gen I benchmark: DV=15 and Stat EXP=63001 in HP/Attack/Defense/Speed/Special; Level 70,36,0.140625,255,0.99609375
20,Raticate,20,1,70,Normal,,55,81,60,50,50,97,221,182,153,139,139,205,,,,Bulbapedia Gen I base stats; user-provided FirstGenPokemon.csv cross-check,https://bulbapedia.bulbagarden.net/wiki/List_of_Pok%C3%A9mon_by_base_stats_in_Generation_I,70,15,15,15,15,15,63001,63001,63001,63001,63001,50,139,Gen I benchmark: DV=15 and Stat EXP=63001 in HP/Attack/Defense/Speed/Special; Level 70,48,0.1875,255,0.99609375
21,Spearow,21,1,70,Normal,Flying,40,60,30,31,31,70,200,153,111,112,112,167,,,,Bulbapedia Gen I base stats; user-provided FirstGenPokemon.csv cross-check,https://bulbapedia.bulbagarden.net/wiki/List_of_Pok%C3%A9mon_by_base_stats_in_Generation_I,70,15,15,15,15,15,63001,63001,63001,63001,63001,31,112,Gen I benchmark: DV=15 and Stat EXP=63001 in HP/Attack/Defense/Speed/Special; Level 70,35,0.13671875,255,0.99609375
22,Fearow,22,1,70,Normal,Flying,65,90,65,61,61,100,235,195,160,154,154,209,,,,Bulbapedia Gen I base stats; user-provided FirstGenPokemon.csv cross-check,https://bulbapedia.bulbagarden.net/wiki/List_of_Pok%C3%A9mon_by_base_stats_in_Generation_I,70,15,15,15,15,15,63001,63001,63001,63001,63001,61,154,Gen I benchmark: DV=15 and Stat EXP=63001 in HP/Attack/Defense/Speed/Special; Level 70,50,0.1953125,255,0.99609375
23,Ekans,23,1,70,Poison,,35,60,44,40,40,55,193,153,131,125,125,146,,,,Bulbapedia Gen I base stats; user-provided FirstGenPokemon.csv cross-check,https://bulbapedia.bulbagarden.net/wiki/List_of_Pok%C3%A9mon_by_base_stats_in_Generation_I,70,15,15,15,15,15,63001,63001,63001,63001,63001,40,125,Gen I benchmark: DV=15 and Stat EXP=63001 in HP/Attack/Defense/Speed/Special; Level 70,27,0.10546875,216,0.84375
24,Arbok,24,1,70,Poison,,60,85,69,65,65,80,228,188,166,160,160,181,,,,Bulbapedia Gen I base stats; user-provided FirstGenPokemon.csv cross-check,https://bulbapedia.bulbagarden.net/wiki/List_of_Pok%C3%A9mon_by_base_stats_in_Generation_I,70,15,15,15,15,15,63001,63001,63001,63001,63001,65,160,Gen I benchmark: DV=15 and Stat EXP=63001 in HP/Attack/Defense/Speed/Special; Level 70,40,0.15625,255,0.99609375
25,Pikachu,25,1,70,Electric,,35,55,30,50,50,90,193,146,111,139,139,195,,,,Bulbapedia Gen I base stats; user-provided FirstGenPokemon.csv cross-check,https://bulbapedia.bulbagarden.net/wiki/List_of_Pok%C3%A9mon_by_base_stats_in_Generation_I,70,15,15,15,15,15,63001,63001,63001,63001,63001,50,139,Gen I benchmark: DV=15 and Stat EXP=63001 in HP/Attack/Defense/Speed/Special; Level 70,45,0.17578125,255,0.99609375
26,Raichu,26,1,70,Electric,,60,90,55,90,90,100,228,195,146,195,195,209,,,,Bulbapedia Gen I base stats; user-provided FirstGenPokemon.csv cross-check,https://bulbapedia.bulbagarden.net/wiki/List_of_Pok%C3%A9mon_by_base_stats_in_Generation_I,70,15,15,15,15,15,63001,63001,63001,63001,63001,90,195,Gen I benchmark: DV=15 and Stat EXP=63001 in HP/Attack/Defense/Speed/Special; Level 70,50,0.1953125,255,0.99609375
27,Sandshrew,27,1,70,Ground,,50,75,85,30,30,40,214,174,188,111,111,125,,,,Bulbapedia Gen I base stats; user-provided FirstGenPokemon.csv cross-check,https://bulbapedia.bulbagarden.net/wiki/List_of_Pok%C3%A9mon_by_base_stats_in_Generation_I,70,15,15,15,15,15,63001,63001,63001,63001,63001,30,111,Gen I benchmark: DV=15 and Stat EXP=63001 in HP/Attack/Defense/Speed/Special; Level 70,20,0.078125,160,0.625
28,Sandslash,28,1,70,Ground,,75,100,110,55,55,65,249,209,223,146,146,160,,,,Bulbapedia Gen I base stats; user-provided FirstGenPokemon.csv cross-check,https://bulbapedia.bulbagarden.net/wiki/List_of_Pok%C3%A9mon_by_base_stats_in_Generation_I,70,15,15,15,15,15,63001,63001,63001,63001,63001,55,146,Gen I benchmark: DV=15 and Stat EXP=63001 in HP/Attack/Defense/Speed/Special; Level 70,32,0.125,255,0.99609375
29,Nidoran(F),29,1,70,Poison,,55,47,52,40,40,41,221,135,142,125,125,126,,,,Bulbapedia Gen I base stats; user-provided FirstGenPokemon.csv cross-check,https://bulbapedia.bulbagarden.net/wiki/List_of_Pok%C3%A9mon_by_base_stats_in_Generation_I,70,15,15,15,15,15,63001,63001,63001,63001,63001,40,125,Gen I benchmark: DV=15 and Stat EXP=63001 in HP/Attack/Defense/Speed/Special; Level 70,20,0.078125,160,0.625
30,Nidorina,30,1,70,Poison,,70,62,67,55,55,56,242,156,163,146,146,147,,,,Bulbapedia Gen I base stats; user-provided FirstGenPokemon.csv cross-check,https://bulbapedia.bulbagarden.net/wiki/List_of_Pok%C3%A9mon_by_base_stats_in_Generation_I,70,15,15,15,15,15,63001,63001,63001,63001,63001,55,146,Gen I benchmark: DV=15 and Stat EXP=63001 in HP/Attack/Defense/Speed/Special; Level 70,28,0.109375,224,0.875
31,Nidoqueen,31,1,70,Poison,Ground,90,82,87,75,75,76,270,184,191,174,174,175,,,,Bulbapedia Gen I base stats; user-provided FirstGenPokemon.csv cross-check,https://bulbapedia.bulbagarden.net/wiki/List_of_Pok%C3%A9mon_by_base_stats_in_Generation_I,70,15,15,15,15,15,63001,63001,63001,63001,63001,75,174,Gen I benchmark: DV=15 and Stat EXP=63001 in HP/Attack/Defense/Speed/Special; Level 70,38,0.1484375,255,0.99609375
32,Nidoran(M),32,1,70,Poison,,46,57,40,40,40,50,208,149,125,125,125,139,,,,Bulbapedia Gen I base stats; user-provided FirstGenPokemon.csv cross-check,https://bulbapedia.bulbagarden.net/wiki/List_of_Pok%C3%A9mon_by_base_stats_in_Generation_I,70,15,15,15,15,15,63001,63001,63001,63001,63001,40,125,Gen I benchmark: DV=15 and Stat EXP=63001 in HP/Attack/Defense/Speed/Special; Level 70,25,0.09765625,200,0.78125
33,Nidorino,33,1,70,Poison,,61,72,57,55,55,65,229,170,149,146,146,160,,,,Bulbapedia Gen I base stats; user-provided FirstGenPokemon.csv cross-check,https://bulbapedia.bulbagarden.net/wiki/List_of_Pok%C3%A9mon_by_base_stats_in_Generation_I,70,15,15,15,15,15,63001,63001,63001,63001,63001,55,146,Gen I benchmark: DV=15 and Stat EXP=63001 in HP/Attack/Defense/Speed/Special; Level 70,32,0.125,255,0.99609375
34,Nidoking,34,1,70,Poison,Ground,81,92,77,75,75,85,257,198,177,174,174,188,,,,Bulbapedia Gen I base stats; user-provided FirstGenPokemon.csv cross-check,https://bulbapedia.bulbagarden.net/wiki/List_of_Pok%C3%A9mon_by_base_stats_in_Generation_I,70,15,15,15,15,15,63001,63001,63001,63001,63001,75,174,Gen I benchmark: DV=15 and Stat EXP=63001 in HP/Attack/Defense/Speed/Special; Level 70,42,0.1640625,255,0.99609375
35,Clefairy,35,1,70,Normal,,70,45,48,60,60,35,242,132,136,153,153,118,,,,Bulbapedia Gen I base stats; user-provided FirstGenPokemon.csv cross-check,https://bulbapedia.bulbagarden.net/wiki/List_of_Pok%C3%A9mon_by_base_stats_in_Generation_I,70,15,15,15,15,15,63001,63001,63001,63001,63001,60,153,Gen I benchmark: DV=15 and Stat EXP=63001 in HP/Attack/Defense/Speed/Special; Level 70,17,0.06640625,136,0.53125
36,Clefable,36,1,70,Normal,,95,70,73,85,85,60,277,167,171,188,188,153,,,,Bulbapedia Gen I base stats; user-provided FirstGenPokemon.csv cross-check,https://bulbapedia.bulbagarden.net/wiki/List_of_Pok%C3%A9mon_by_base_stats_in_Generation_I,70,15,15,15,15,15,63001,63001,63001,63001,63001,85,188,Gen I benchmark: DV=15 and Stat EXP=63001 in HP/Attack/Defense/Speed/Special; Level 70,30,0.1171875,240,0.9375
37,Vulpix,37,1,70,Fire,,38,41,40,65,65,65,197,126,125,160,160,160,,,,Bulbapedia Gen I base stats; user-provided FirstGenPokemon.csv cross-check,https://bulbapedia.bulbagarden.net/wiki/List_of_Pok%C3%A9mon_by_base_stats_in_Generation_I,70,15,15,15,15,15,63001,63001,63001,63001,63001,65,160,Gen I benchmark: DV=15 and Stat EXP=63001 in HP/Attack/Defense/Speed/Special; Level 70,32,0.125,255,0.99609375
38,Ninetales,38,1,70,Fire,,73,76,75,100,100,100,246,175,174,209,209,209,,,,Bulbapedia Gen I base stats; user-provided FirstGenPokemon.csv cross-check,https://bulbapedia.bulbagarden.net/wiki/List_of_Pok%C3%A9mon_by_base_stats_in_Generation_I,70,15,15,15,15,15,63001,63001,63001,63001,63001,100,209,Gen I benchmark: DV=15 and Stat EXP=63001 in HP/Attack/Defense/Speed/Special; Level 70,50,0.1953125,255,0.99609375
39,Jigglypuff,39,1,70,Normal,,115,45,20,25,25,20,305,132,97,104,104,97,,,,Bulbapedia Gen I base stats; user-provided FirstGenPokemon.csv cross-check,https://bulbapedia.bulbagarden.net/wiki/List_of_Pok%C3%A9mon_by_base_stats_in_Generation_I,70,15,15,15,15,15,63001,63001,63001,63001,63001,25,104,Gen I benchmark: DV=15 and Stat EXP=63001 in HP/Attack/Defense/Speed/Special; Level 70,10,0.0390625,80,0.3125
40,Wigglytuff,40,1,70,Normal,,140,70,45,50,50,45,340,167,132,139,139,132,,,,Bulbapedia Gen I base stats; user-provided FirstGenPokemon.csv cross-check,https://bulbapedia.bulbagarden.net/wiki/List_of_Pok%C3%A9mon_by_base_stats_in_Generation_I,70,15,15,15,15,15,63001,63001,63001,63001,63001,50,139,Gen I benchmark: DV=15 and Stat EXP=63001 in HP/Attack/Defense/Speed/Special; Level 70,22,0.0859375,176,0.6875
41,Zubat,41,1,70,Poison,Flying,40,45,35,40,40,55,200,132,118,125,125,146,,,,Bulbapedia Gen I base stats; user-provided FirstGenPokemon.csv cross-check,https://bulbapedia.bulbagarden.net/wiki/List_of_Pok%C3%A9mon_by_base_stats_in_Generation_I,70,15,15,15,15,15,63001,63001,63001,63001,63001,40,125,Gen I benchmark: DV=15 and Stat EXP=63001 in HP/Attack/Defense/Speed/Special; Level 70,27,0.10546875,216,0.84375
42,Golbat,42,1,70,Poison,Flying,75,80,70,75,75,90,249,181,167,174,174,195,,,,Bulbapedia Gen I base stats; user-provided FirstGenPokemon.csv cross-check,https://bulbapedia.bulbagarden.net/wiki/List_of_Pok%C3%A9mon_by_base_stats_in_Generation_I,70,15,15,15,15,15,63001,63001,63001,63001,63001,75,174,Gen I benchmark: DV=15 and Stat EXP=63001 in HP/Attack/Defense/Speed/Special; Level 70,45,0.17578125,255,0.99609375
43,Oddish,43,1,70,Grass,Poison,45,50,55,75,75,30,207,139,146,174,174,111,,,,Bulbapedia Gen I base stats; user-provided FirstGenPokemon.csv cross-check,https://bulbapedia.bulbagarden.net/wiki/List_of_Pok%C3%A9mon_by_base_stats_in_Generation_I,70,15,15,15,15,15,63001,63001,63001,63001,63001,75,174,Gen I benchmark: DV=15 and Stat EXP=63001 in HP/Attack/Defense/Speed/Special; Level 70,15,0.05859375,120,0.46875
44,Gloom,44,1,70,Grass,Poison,60,65,70,85,85,40,228,160,167,188,188,125,,,,Bulbapedia Gen I base stats; user-provided FirstGenPokemon.csv cross-check,https://bulbapedia.bulbagarden.net/wiki/List_of_Pok%C3%A9mon_by_base_stats_in_Generation_I,70,15,15,15,15,15,63001,63001,63001,63001,63001,85,188,Gen I benchmark: DV=15 and Stat EXP=63001 in HP/Attack/Defense/Speed/Special; Level 70,20,0.078125,160,0.625
45,Vileplume,45,1,70,Grass,Poison,75,80,85,100,100,50,249,181,188,209,209,139,,,,Bulbapedia Gen I base stats; user-provided FirstGenPokemon.csv cross-check,https://bulbapedia.bulbagarden.net/wiki/List_of_Pok%C3%A9mon_by_base_stats_in_Generation_I,70,15,15,15,15,15,63001,63001,63001,63001,63001,100,209,Gen I benchmark: DV=15 and Stat EXP=63001 in HP/Attack/Defense/Speed/Special; Level 70,25,0.09765625,200,0.78125
46,Paras,46,1,70,Bug,Grass,35,70,55,55,55,25,193,167,146,146,146,104,,,,Bulbapedia Gen I base stats; user-provided FirstGenPokemon.csv cross-check,https://bulbapedia.bulbagarden.net/wiki/List_of_Pok%C3%A9mon_by_base_stats_in_Generation_I,70,15,15,15,15,15,63001,63001,63001,63001,63001,55,146,Gen I benchmark: DV=15 and Stat EXP=63001 in HP/Attack/Defense/Speed/Special; Level 70,12,0.046875,96,0.375
47,Parasect,47,1,70,Bug,Grass,60,95,80,80,80,30,228,202,181,181,181,111,,,,Bulbapedia Gen I base stats; user-provided FirstGenPokemon.csv cross-check,https://bulbapedia.bulbagarden.net/wiki/List_of_Pok%C3%A9mon_by_base_stats_in_Generation_I,70,15,15,15,15,15,63001,63001,63001,63001,63001,80,181,Gen I benchmark: DV=15 and Stat EXP=63001 in HP/Attack/Defense/Speed/Special; Level 70,15,0.05859375,120,0.46875
48,Venonat,48,1,70,Bug,Poison,60,55,50,40,40,45,228,146,139,125,125,132,,,,Bulbapedia Gen I base stats; user-provided FirstGenPokemon.csv cross-check,https://bulbapedia.bulbagarden.net/wiki/List_of_Pok%C3%A9mon_by_base_stats_in_Generation_I,70,15,15,15,15,15,63001,63001,63001,63001,63001,40,125,Gen I benchmark: DV=15 and Stat EXP=63001 in HP/Attack/Defense/Speed/Special; Level 70,22,0.0859375,176,0.6875
49,Venomoth,49,1,70,Bug,Poison,70,65,60,90,90,90,242,160,153,195,195,195,,,,Bulbapedia Gen I base stats; user-provided FirstGenPokemon.csv cross-check,https://bulbapedia.bulbagarden.net/wiki/List_of_Pok%C3%A9mon_by_base_stats_in_Generation_I,70,15,15,15,15,15,63001,63001,63001,63001,63001,90,195,Gen I benchmark: DV=15 and Stat EXP=63001 in HP/Attack/Defense/Speed/Special; Level 70,45,0.17578125,255,0.99609375
50,Diglett,50,1,70,Ground,,10,55,25,45,45,95,158,146,104,132,132,202,,,,Bulbapedia Gen I base stats; user-provided FirstGenPokemon.csv cross-check,https://bulbapedia.bulbagarden.net/wiki/List_of_Pok%C3%A9mon_by_base_stats_in_Generation_I,70,15,15,15,15,15,63001,63001,63001,63001,63001,45,132,Gen I benchmark: DV=15 and Stat EXP=63001 in HP/Attack/Defense/Speed/Special; Level 70,47,0.18359375,255,0.99609375
51,Dugtrio,51,1,70,Ground,,35,80,50,70,70,120,193,181,139,167,167,237,,,,Bulbapedia Gen I base stats; user-provided FirstGenPokemon.csv cross-check,https://bulbapedia.bulbagarden.net/wiki/List_of_Pok%C3%A9mon_by_base_stats_in_Generation_I,70,15,15,15,15,15,63001,63001,63001,63001,63001,70,167,Gen I benchmark: DV=15 and Stat EXP=63001 in HP/Attack/Defense/Speed/Special; Level 70,60,0.234375,255,0.99609375
52,Meowth,52,1,70,Normal,,40,45,35,40,40,90,200,132,118,125,125,195,,,,Bulbapedia Gen I base stats; user-provided FirstGenPokemon.csv cross-check,https://bulbapedia.bulbagarden.net/wiki/List_of_Pok%C3%A9mon_by_base_stats_in_Generation_I,70,15,15,15,15,15,63001,63001,63001,63001,63001,40,125,Gen I benchmark: DV=15 and Stat EXP=63001 in HP/Attack/Defense/Speed/Special; Level 70,45,0.17578125,255,0.99609375
53,Persian,53,1,70,Normal,,65,70,60,65,65,115,235,167,153,160,160,230,,,,Bulbapedia Gen I base stats; user-provided FirstGenPokemon.csv cross-check,https://bulbapedia.bulbagarden.net/wiki/List_of_Pok%C3%A9mon_by_base_stats_in_Generation_I,70,15,15,15,15,15,63001,63001,63001,63001,63001,65,160,Gen I benchmark: DV=15 and Stat EXP=63001 in HP/Attack/Defense/Speed/Special; Level 70,57,0.22265625,255,0.99609375
54,Psyduck,54,1,70,Water,,50,52,48,50,50,55,214,142,136,139,139,146,,,,Bulbapedia Gen I base stats; user-provided FirstGenPokemon.csv cross-check,https://bulbapedia.bulbagarden.net/wiki/List_of_Pok%C3%A9mon_by_base_stats_in_Generation_I,70,15,15,15,15,15,63001,63001,63001,63001,63001,50,139,Gen I benchmark: DV=15 and Stat EXP=63001 in HP/Attack/Defense/Speed/Special; Level 70,27,0.10546875,216,0.84375
55,Golduck,55,1,70,Water,,80,82,78,80,80,85,256,184,178,181,181,188,,,,Bulbapedia Gen I base stats; user-provided FirstGenPokemon.csv cross-check,https://bulbapedia.bulbagarden.net/wiki/List_of_Pok%C3%A9mon_by_base_stats_in_Generation_I,70,15,15,15,15,15,63001,63001,63001,63001,63001,80,181,Gen I benchmark: DV=15 and Stat EXP=63001 in HP/Attack/Defense/Speed/Special; Level 70,42,0.1640625,255,0.99609375
56,Mankey,56,1,70,Fighting,,40,80,35,35,35,70,200,181,118,118,118,167,,,,Bulbapedia Gen I base stats; user-provided FirstGenPokemon.csv cross-check,https://bulbapedia.bulbagarden.net/wiki/List_of_Pok%C3%A9mon_by_base_stats_in_Generation_I,70,15,15,15,15,15,63001,63001,63001,63001,63001,35,118,Gen I benchmark: DV=15 and Stat EXP=63001 in HP/Attack/Defense/Speed/Special; Level 70,35,0.13671875,255,0.99609375
57,Primeape,57,1,70,Fighting,,65,105,60,60,60,95,235,216,153,153,153,202,,,,Bulbapedia Gen I base stats; user-provided FirstGenPokemon.csv cross-check,https://bulbapedia.bulbagarden.net/wiki/List_of_Pok%C3%A9mon_by_base_stats_in_Generation_I,70,15,15,15,15,15,63001,63001,63001,63001,63001,60,153,Gen I benchmark: DV=15 and Stat EXP=63001 in HP/Attack/Defense/Speed/Special; Level 70,47,0.18359375,255,0.99609375
58,Growlithe,58,1,70,Fire,,55,70,45,50,50,60,221,167,132,139,139,153,,,,Bulbapedia Gen I base stats; user-provided FirstGenPokemon.csv cross-check,https://bulbapedia.bulbagarden.net/wiki/List_of_Pok%C3%A9mon_by_base_stats_in_Generation_I,70,15,15,15,15,15,63001,63001,63001,63001,63001,50,139,Gen I benchmark: DV=15 and Stat EXP=63001 in HP/Attack/Defense/Speed/Special; Level 70,30,0.1171875,240,0.9375
59,Arcanine,59,1,70,Fire,,90,110,80,80,80,95,270,223,181,181,181,202,,,,Bulbapedia Gen I base stats; user-provided FirstGenPokemon.csv cross-check,https://bulbapedia.bulbagarden.net/wiki/List_of_Pok%C3%A9mon_by_base_stats_in_Generation_I,70,15,15,15,15,15,63001,63001,63001,63001,63001,80,181,Gen I benchmark: DV=15 and Stat EXP=63001 in HP/Attack/Defense/Speed/Special; Level 70,47,0.18359375,255,0.99609375
60,Poliwag,60,1,70,Water,,40,50,40,40,40,90,200,139,125,125,125,195,,,,Bulbapedia Gen I base stats; user-provided FirstGenPokemon.csv cross-check,https://bulbapedia.bulbagarden.net/wiki/List_of_Pok%C3%A9mon_by_base_stats_in_Generation_I,70,15,15,15,15,15,63001,63001,63001,63001,63001,40,125,Gen I benchmark: DV=15 and Stat EXP=63001 in HP/Attack/Defense/Speed/Special; Level 70,45,0.17578125,255,0.99609375
61,Poliwhirl,61,1,70,Water,,65,65,65,50,50,90,235,160,160,139,139,195,,,,Bulbapedia Gen I base stats; user-provided FirstGenPokemon.csv cross-check,https://bulbapedia.bulbagarden.net/wiki/List_of_Pok%C3%A9mon_by_base_stats_in_Generation_I,70,15,15,15,15,15,63001,63001,63001,63001,63001,50,139,Gen I benchmark: DV=15 and Stat EXP=63001 in HP/Attack/Defense/Speed/Special; Level 70,45,0.17578125,255,0.99609375
62,Poliwrath,62,1,70,Water,Fighting,90,85,95,70,70,70,270,188,202,167,167,167,,,,Bulbapedia Gen I base stats; user-provided FirstGenPokemon.csv cross-check,https://bulbapedia.bulbagarden.net/wiki/List_of_Pok%C3%A9mon_by_base_stats_in_Generation_I,70,15,15,15,15,15,63001,63001,63001,63001,63001,70,167,Gen I benchmark: DV=15 and Stat EXP=63001 in HP/Attack/Defense/Speed/Special; Level 70,35,0.13671875,255,0.99609375
63,Abra,63,1,70,Psychic,,25,20,15,105,105,90,179,97,90,216,216,195,,,,Bulbapedia Gen I base stats; user-provided FirstGenPokemon.csv cross-check,https://bulbapedia.bulbagarden.net/wiki/List_of_Pok%C3%A9mon_by_base_stats_in_Generation_I,70,15,15,15,15,15,63001,63001,63001,63001,63001,105,216,Gen I benchmark: DV=15 and Stat EXP=63001 in HP/Attack/Defense/Speed/Special; Level 70,45,0.17578125,255,0.99609375
64,Kadabra,64,1,70,Psychic,,40,35,30,120,120,105,200,118,111,237,237,216,,,,Bulbapedia Gen I base stats; user-provided FirstGenPokemon.csv cross-check,https://bulbapedia.bulbagarden.net/wiki/List_of_Pok%C3%A9mon_by_base_stats_in_Generation_I,70,15,15,15,15,15,63001,63001,63001,63001,63001,120,237,Gen I benchmark: DV=15 and Stat EXP=63001 in HP/Attack/Defense/Speed/Special; Level 70,52,0.203125,255,0.99609375
65,Alakazam,65,1,70,Psychic,,55,50,45,135,135,120,221,139,132,258,258,237,,,,Bulbapedia Gen I base stats; user-provided FirstGenPokemon.csv cross-check,https://bulbapedia.bulbagarden.net/wiki/List_of_Pok%C3%A9mon_by_base_stats_in_Generation_I,70,15,15,15,15,15,63001,63001,63001,63001,63001,135,258,Gen I benchmark: DV=15 and Stat EXP=63001 in HP/Attack/Defense/Speed/Special; Level 70,60,0.234375,255,0.99609375
66,Machop,66,1,70,Fighting,,70,80,50,35,35,35,242,181,139,118,118,118,,,,Bulbapedia Gen I base stats; user-provided FirstGenPokemon.csv cross-check,https://bulbapedia.bulbagarden.net/wiki/List_of_Pok%C3%A9mon_by_base_stats_in_Generation_I,70,15,15,15,15,15,63001,63001,63001,63001,63001,35,118,Gen I benchmark: DV=15 and Stat EXP=63001 in HP/Attack/Defense/Speed/Special; Level 70,17,0.06640625,136,0.53125
67,Machoke,67,1,70,Fighting,,80,100,70,50,50,45,256,209,167,139,139,132,,,,Bulbapedia Gen I base stats; user-provided FirstGenPokemon.csv cross-check,https://bulbapedia.bulbagarden.net/wiki/List_of_Pok%C3%A9mon_by_base_stats_in_Generation_I,70,15,15,15,15,15,63001,63001,63001,63001,63001,50,139,Gen I benchmark: DV=15 and Stat EXP=63001 in HP/Attack/Defense/Speed/Special; Level 70,22,0.0859375,176,0.6875
68,Machamp,68,1,70,Fighting,,90,130,80,65,65,55,270,251,181,160,160,146,,,,Bulbapedia Gen I base stats; user-provided FirstGenPokemon.csv cross-check,https://bulbapedia.bulbagarden.net/wiki/List_of_Pok%C3%A9mon_by_base_stats_in_Generation_I,70,15,15,15,15,15,63001,63001,63001,63001,63001,65,160,Gen I benchmark: DV=15 and Stat EXP=63001 in HP/Attack/Defense/Speed/Special; Level 70,27,0.10546875,216,0.84375
69,Bellsprout,69,1,70,Grass,Poison,50,75,35,70,70,40,214,174,118,167,167,125,,,,Bulbapedia Gen I base stats; user-provided FirstGenPokemon.csv cross-check,https://bulbapedia.bulbagarden.net/wiki/List_of_Pok%C3%A9mon_by_base_stats_in_Generation_I,70,15,15,15,15,15,63001,63001,63001,63001,63001,70,167,Gen I benchmark: DV=15 and Stat EXP=63001 in HP/Attack/Defense/Speed/Special; Level 70,20,0.078125,160,0.625
70,Weepinbell,70,1,70,Grass,Poison,65,90,50,85,85,55,235,195,139,188,188,146,,,,Bulbapedia Gen I base stats; user-provided FirstGenPokemon.csv cross-check,https://bulbapedia.bulbagarden.net/wiki/List_of_Pok%C3%A9mon_by_base_stats_in_Generation_I,70,15,15,15,15,15,63001,63001,63001,63001,63001,85,188,Gen I benchmark: DV=15 and Stat EXP=63001 in HP/Attack/Defense/Speed/Special; Level 70,27,0.10546875,216,0.84375
71,Victreebel,71,1,70,Grass,Poison,80,105,65,100,100,70,256,216,160,209,209,167,,,,Bulbapedia Gen I base stats; user-provided FirstGenPokemon.csv cross-check,https://bulbapedia.bulbagarden.net/wiki/List_of_Pok%C3%A9mon_by_base_stats_in_Generation_I,70,15,15,15,15,15,63001,63001,63001,63001,63001,100,209,Gen I benchmark: DV=15 and Stat EXP=63001 in HP/Attack/Defense/Speed/Special; Level 70,35,0.13671875,255,0.99609375
72,Tentacool,72,1,70,Water,Poison,40,40,35,100,100,70,200,125,118,209,209,167,,,,Bulbapedia Gen I base stats; user-provided FirstGenPokemon.csv cross-check,https://bulbapedia.bulbagarden.net/wiki/List_of_Pok%C3%A9mon_by_base_stats_in_Generation_I,70,15,15,15,15,15,63001,63001,63001,63001,63001,100,209,Gen I benchmark: DV=15 and Stat EXP=63001 in HP/Attack/Defense/Speed/Special; Level 70,35,0.13671875,255,0.99609375
73,Tentacruel,73,1,70,Water,Poison,80,70,65,120,120,100,256,167,160,237,237,209,,,,Bulbapedia Gen I base stats; user-provided FirstGenPokemon.csv cross-check,https://bulbapedia.bulbagarden.net/wiki/List_of_Pok%C3%A9mon_by_base_stats_in_Generation_I,70,15,15,15,15,15,63001,63001,63001,63001,63001,120,237,Gen I benchmark: DV=15 and Stat EXP=63001 in HP/Attack/Defense/Speed/Special; Level 70,50,0.1953125,255,0.99609375
74,Geodude,74,1,70,Rock,Ground,40,80,100,30,30,20,200,181,209,111,111,97,,,,Bulbapedia Gen I base stats; user-provided FirstGenPokemon.csv cross-check,https://bulbapedia.bulbagarden.net/wiki/List_of_Pok%C3%A9mon_by_base_stats_in_Generation_I,70,15,15,15,15,15,63001,63001,63001,63001,63001,30,111,Gen I benchmark: DV=15 and Stat EXP=63001 in HP/Attack/Defense/Speed/Special; Level 70,10,0.0390625,80,0.3125
75,Graveler,75,1,70,Rock,Ground,55,95,115,45,45,35,221,202,230,132,132,118,,,,Bulbapedia Gen I base stats; user-provided FirstGenPokemon.csv cross-check,https://bulbapedia.bulbagarden.net/wiki/List_of_Pok%C3%A9mon_by_base_stats_in_Generation_I,70,15,15,15,15,15,63001,63001,63001,63001,63001,45,132,Gen I benchmark: DV=15 and Stat EXP=63001 in HP/Attack/Defense/Speed/Special; Level 70,17,0.06640625,136,0.53125
76,Golem,76,1,70,Rock,Ground,80,110,130,55,55,45,256,223,251,146,146,132,,,,Bulbapedia Gen I base stats; user-provided FirstGenPokemon.csv cross-check,https://bulbapedia.bulbagarden.net/wiki/List_of_Pok%C3%A9mon_by_base_stats_in_Generation_I,70,15,15,15,15,15,63001,63001,63001,63001,63001,55,146,Gen I benchmark: DV=15 and Stat EXP=63001 in HP/Attack/Defense/Speed/Special; Level 70,22,0.0859375,176,0.6875
77,Ponyta,77,1,70,Fire,,50,85,55,65,65,90,214,188,146,160,160,195,,,,Bulbapedia Gen I base stats; user-provided FirstGenPokemon.csv cross-check,https://bulbapedia.bulbagarden.net/wiki/List_of_Pok%C3%A9mon_by_base_stats_in_Generation_I,70,15,15,15,15,15,63001,63001,63001,63001,63001,65,160,Gen I benchmark: DV=15 and Stat EXP=63001 in HP/Attack/Defense/Speed/Special; Level 70,45,0.17578125,255,0.99609375
78,Rapidash,78,1,70,Fire,,65,100,70,80,80,105,235,209,167,181,181,216,,,,Bulbapedia Gen I base stats; user-provided FirstGenPokemon.csv cross-check,https://bulbapedia.bulbagarden.net/wiki/List_of_Pok%C3%A9mon_by_base_stats_in_Generation_I,70,15,15,15,15,15,63001,63001,63001,63001,63001,80,181,Gen I benchmark: DV=15 and Stat EXP=63001 in HP/Attack/Defense/Speed/Special; Level 70,52,0.203125,255,0.99609375
79,Slowpoke,79,1,70,Water,Psychic,90,65,65,40,40,15,270,160,160,125,125,90,,,,Bulbapedia Gen I base stats; user-provided FirstGenPokemon.csv cross-check,https://bulbapedia.bulbagarden.net/wiki/List_of_Pok%C3%A9mon_by_base_stats_in_Generation_I,70,15,15,15,15,15,63001,63001,63001,63001,63001,40,125,Gen I benchmark: DV=15 and Stat EXP=63001 in HP/Attack/Defense/Speed/Special; Level 70,7,0.02734375,56,0.21875
80,Slowbro,80,1,70,Water,Psychic,95,75,110,80,80,30,277,174,223,181,181,111,,,,Bulbapedia Gen I base stats; user-provided FirstGenPokemon.csv cross-check,https://bulbapedia.bulbagarden.net/wiki/List_of_Pok%C3%A9mon_by_base_stats_in_Generation_I,70,15,15,15,15,15,63001,63001,63001,63001,63001,80,181,Gen I benchmark: DV=15 and Stat EXP=63001 in HP/Attack/Defense/Speed/Special; Level 70,15,0.05859375,120,0.46875
81,Magnemite,81,1,70,Electric,,25,35,70,95,95,45,179,118,167,202,202,132,,,,Bulbapedia Gen I base stats; user-provided FirstGenPokemon.csv cross-check,https://bulbapedia.bulbagarden.net/wiki/List_of_Pok%C3%A9mon_by_base_stats_in_Generation_I,70,15,15,15,15,15,63001,63001,63001,63001,63001,95,202,Gen I benchmark: DV=15 and Stat EXP=63001 in HP/Attack/Defense/Speed/Special; Level 70,22,0.0859375,176,0.6875
82,Magneton,82,1,70,Electric,,50,60,95,120,120,70,214,153,202,237,237,167,,,,Bulbapedia Gen I base stats; user-provided FirstGenPokemon.csv cross-check,https://bulbapedia.bulbagarden.net/wiki/List_of_Pok%C3%A9mon_by_base_stats_in_Generation_I,70,15,15,15,15,15,63001,63001,63001,63001,63001,120,237,Gen I benchmark: DV=15 and Stat EXP=63001 in HP/Attack/Defense/Speed/Special; Level 70,35,0.13671875,255,0.99609375
83,Farfetchd,83,1,70,Normal,Flying,52,65,55,58,58,60,217,160,146,150,150,153,,,,Bulbapedia Gen I base stats; user-provided FirstGenPokemon.csv cross-check,https://bulbapedia.bulbagarden.net/wiki/List_of_Pok%C3%A9mon_by_base_stats_in_Generation_I,70,15,15,15,15,15,63001,63001,63001,63001,63001,58,150,Gen I benchmark: DV=15 and Stat EXP=63001 in HP/Attack/Defense/Speed/Special; Level 70,30,0.1171875,240,0.9375
84,Doduo,84,1,70,Normal,Flying,35,85,45,35,35,75,193,188,132,118,118,174,,,,Bulbapedia Gen I base stats; user-provided FirstGenPokemon.csv cross-check,https://bulbapedia.bulbagarden.net/wiki/List_of_Pok%C3%A9mon_by_base_stats_in_Generation_I,70,15,15,15,15,15,63001,63001,63001,63001,63001,35,118,Gen I benchmark: DV=15 and Stat EXP=63001 in HP/Attack/Defense/Speed/Special; Level 70,37,0.14453125,255,0.99609375
85,Dodrio,85,1,70,Normal,Flying,60,110,70,60,60,100,228,223,167,153,153,209,,,,Bulbapedia Gen I base stats; user-provided FirstGenPokemon.csv cross-check,https://bulbapedia.bulbagarden.net/wiki/List_of_Pok%C3%A9mon_by_base_stats_in_Generation_I,70,15,15,15,15,15,63001,63001,63001,63001,63001,60,153,Gen I benchmark: DV=15 and Stat EXP=63001 in HP/Attack/Defense/Speed/Special; Level 70,50,0.1953125,255,0.99609375
86,Seel,86,1,70,Water,,65,45,55,70,70,45,235,132,146,167,167,132,,,,Bulbapedia Gen I base stats; user-provided FirstGenPokemon.csv cross-check,https://bulbapedia.bulbagarden.net/wiki/List_of_Pok%C3%A9mon_by_base_stats_in_Generation_I,70,15,15,15,15,15,63001,63001,63001,63001,63001,70,167,Gen I benchmark: DV=15 and Stat EXP=63001 in HP/Attack/Defense/Speed/Special; Level 70,22,0.0859375,176,0.6875
87,Dewgong,87,1,70,Water,Ice,90,70,80,95,95,70,270,167,181,202,202,167,,,,Bulbapedia Gen I base stats; user-provided FirstGenPokemon.csv cross-check,https://bulbapedia.bulbagarden.net/wiki/List_of_Pok%C3%A9mon_by_base_stats_in_Generation_I,70,15,15,15,15,15,63001,63001,63001,63001,63001,95,202,Gen I benchmark: DV=15 and Stat EXP=63001 in HP/Attack/Defense/Speed/Special; Level 70,35,0.13671875,255,0.99609375
88,Grimer,88,1,70,Poison,,80,80,50,40,40,25,256,181,139,125,125,104,,,,Bulbapedia Gen I base stats; user-provided FirstGenPokemon.csv cross-check,https://bulbapedia.bulbagarden.net/wiki/List_of_Pok%C3%A9mon_by_base_stats_in_Generation_I,70,15,15,15,15,15,63001,63001,63001,63001,63001,40,125,Gen I benchmark: DV=15 and Stat EXP=63001 in HP/Attack/Defense/Speed/Special; Level 70,12,0.046875,96,0.375
89,Muk,89,1,70,Poison,,105,105,75,65,65,50,291,216,174,160,160,139,,,,Bulbapedia Gen I base stats; user-provided FirstGenPokemon.csv cross-check,https://bulbapedia.bulbagarden.net/wiki/List_of_Pok%C3%A9mon_by_base_stats_in_Generation_I,70,15,15,15,15,15,63001,63001,63001,63001,63001,65,160,Gen I benchmark: DV=15 and Stat EXP=63001 in HP/Attack/Defense/Speed/Special; Level 70,25,0.09765625,200,0.78125
90,Shellder,90,1,70,Water,,30,65,100,45,45,40,186,160,209,132,132,125,,,,Bulbapedia Gen I base stats; user-provided FirstGenPokemon.csv cross-check,https://bulbapedia.bulbagarden.net/wiki/List_of_Pok%C3%A9mon_by_base_stats_in_Generation_I,70,15,15,15,15,15,63001,63001,63001,63001,63001,45,132,Gen I benchmark: DV=15 and Stat EXP=63001 in HP/Attack/Defense/Speed/Special; Level 70,20,0.078125,160,0.625
91,Cloyster,91,1,70,Water,Ice,50,95,180,85,85,70,214,202,321,188,188,167,,,,Bulbapedia Gen I base stats; user-provided FirstGenPokemon.csv cross-check,https://bulbapedia.bulbagarden.net/wiki/List_of_Pok%C3%A9mon_by_base_stats_in_Generation_I,70,15,15,15,15,15,63001,63001,63001,63001,63001,85,188,Gen I benchmark: DV=15 and Stat EXP=63001 in HP/Attack/Defense/Speed/Special; Level 70,35,0.13671875,255,0.99609375
92,Gastly,92,1,70,Ghost,Poison,30,35,30,100,100,80,186,118,111,209,209,181,,,,Bulbapedia Gen I base stats; user-provided FirstGenPokemon.csv cross-check,https://bulbapedia.bulbagarden.net/wiki/List_of_Pok%C3%A9mon_by_base_stats_in_Generation_I,70,15,15,15,15,15,63001,63001,63001,63001,63001,100,209,Gen I benchmark: DV=15 and Stat EXP=63001 in HP/Attack/Defense/Speed/Special; Level 70,40,0.15625,255,0.99609375
93,Haunter,93,1,70,Ghost,Poison,45,50,45,115,115,95,207,139,132,230,230,202,,,,Bulbapedia Gen I base stats; user-provided FirstGenPokemon.csv cross-check,https://bulbapedia.bulbagarden.net/wiki/List_of_Pok%C3%A9mon_by_base_stats_in_Generation_I,70,15,15,15,15,15,63001,63001,63001,63001,63001,115,230,Gen I benchmark: DV=15 and Stat EXP=63001 in HP/Attack/Defense/Speed/Special; Level 70,47,0.18359375,255,0.99609375
94,Gengar,94,1,70,Ghost,Poison,60,65,60,130,130,110,228,160,153,251,251,223,,,,Bulbapedia Gen I base stats; user-provided FirstGenPokemon.csv cross-check,https://bulbapedia.bulbagarden.net/wiki/List_of_Pok%C3%A9mon_by_base_stats_in_Generation_I,70,15,15,15,15,15,63001,63001,63001,63001,63001,130,251,Gen I benchmark: DV=15 and Stat EXP=63001 in HP/Attack/Defense/Speed/Special; Level 70,55,0.21484375,255,0.99609375
95,Onix,95,1,70,Rock,Ground,35,45,160,30,30,70,193,132,293,111,111,167,,,,Bulbapedia Gen I base stats; user-provided FirstGenPokemon.csv cross-check,https://bulbapedia.bulbagarden.net/wiki/List_of_Pok%C3%A9mon_by_base_stats_in_Generation_I,70,15,15,15,15,15,63001,63001,63001,63001,63001,30,111,Gen I benchmark: DV=15 and Stat EXP=63001 in HP/Attack/Defense/Speed/Special; Level 70,35,0.13671875,255,0.99609375
96,Drowzee,96,1,70,Psychic,,60,48,45,90,90,42,228,136,132,195,195,128,,,,Bulbapedia Gen I base stats; user-provided FirstGenPokemon.csv cross-check,https://bulbapedia.bulbagarden.net/wiki/List_of_Pok%C3%A9mon_by_base_stats_in_Generation_I,70,15,15,15,15,15,63001,63001,63001,63001,63001,90,195,Gen I benchmark: DV=15 and Stat EXP=63001 in HP/Attack/Defense/Speed/Special; Level 70,21,0.08203125,168,0.65625
97,Hypno,97,1,70,Psychic,,85,73,70,115,115,67,263,171,167,230,230,163,,,,Bulbapedia Gen I base stats; user-provided FirstGenPokemon.csv cross-check,https://bulbapedia.bulbagarden.net/wiki/List_of_Pok%C3%A9mon_by_base_stats_in_Generation_I,70,15,15,15,15,15,63001,63001,63001,63001,63001,115,230,Gen I benchmark: DV=15 and Stat EXP=63001 in HP/Attack/Defense/Speed/Special; Level 70,33,0.12890625,255,0.99609375
98,Krabby,98,1,70,Water,,30,105,90,25,25,50,186,216,195,104,104,139,,,,Bulbapedia Gen I base stats; user-provided FirstGenPokemon.csv cross-check,https://bulbapedia.bulbagarden.net/wiki/List_of_Pok%C3%A9mon_by_base_stats_in_Generation_I,70,15,15,15,15,15,63001,63001,63001,63001,63001,25,104,Gen I benchmark: DV=15 and Stat EXP=63001 in HP/Attack/Defense/Speed/Special; Level 70,25,0.09765625,200,0.78125
99,Kingler,99,1,70,Water,,55,130,115,50,50,75,221,251,230,139,139,174,,,,Bulbapedia Gen I base stats; user-provided FirstGenPokemon.csv cross-check,https://bulbapedia.bulbagarden.net/wiki/List_of_Pok%C3%A9mon_by_base_stats_in_Generation_I,70,15,15,15,15,15,63001,63001,63001,63001,63001,50,139,Gen I benchmark: DV=15 and Stat EXP=63001 in HP/Attack/Defense/Speed/Special; Level 70,37,0.14453125,255,0.99609375
100,Voltorb,100,1,70,Electric,,40,30,50,55,55,100,200,111,139,146,146,209,,,,Bulbapedia Gen I base stats; user-provided FirstGenPokemon.csv cross-check,https://bulbapedia.bulbagarden.net/wiki/List_of_Pok%C3%A9mon_by_base_stats_in_Generation_I,70,15,15,15,15,15,63001,63001,63001,63001,63001,55,146,Gen I benchmark: DV=15 and Stat EXP=63001 in HP/Attack/Defense/Speed/Special; Level 70,50,0.1953125,255,0.99609375
101,Electrode,101,1,70,Electric,,60,50,70,80,80,140,228,139,167,181,181,265,,,,Bulbapedia Gen I base stats; user-provided FirstGenPokemon.csv cross-check,https://bulbapedia.bulbagarden.net/wiki/List_of_Pok%C3%A9mon_by_base_stats_in_Generation_I,70,15,15,15,15,15,63001,63001,63001,63001,63001,80,181,Gen I benchmark: DV=15 and Stat EXP=63001 in HP/Attack/Defense/Speed/Special; Level 70,70,0.2734375,255,0.99609375
102,Exeggcute,102,1,70,Grass,Psychic,60,40,80,60,60,40,228,125,181,153,153,125,,,,Bulbapedia Gen I base stats; user-provided FirstGenPokemon.csv cross-check,https://bulbapedia.bulbagarden.net/wiki/List_of_Pok%C3%A9mon_by_base_stats_in_Generation_I,70,15,15,15,15,15,63001,63001,63001,63001,63001,60,153,Gen I benchmark: DV=15 and Stat EXP=63001 in HP/Attack/Defense/Speed/Special; Level 70,20,0.078125,160,0.625
103,Exeggutor,103,1,70,Grass,Psychic,95,95,85,125,125,55,277,202,188,244,244,146,,,,Bulbapedia Gen I base stats; user-provided FirstGenPokemon.csv cross-check,https://bulbapedia.bulbagarden.net/wiki/List_of_Pok%C3%A9mon_by_base_stats_in_Generation_I,70,15,15,15,15,15,63001,63001,63001,63001,63001,125,244,Gen I benchmark: DV=15 and Stat EXP=63001 in HP/Attack/Defense/Speed/Special; Level 70,27,0.10546875,216,0.84375
104,Cubone,104,1,70,Ground,,50,50,95,40,40,35,214,139,202,125,125,118,,,,Bulbapedia Gen I base stats; user-provided FirstGenPokemon.csv cross-check,https://bulbapedia.bulbagarden.net/wiki/List_of_Pok%C3%A9mon_by_base_stats_in_Generation_I,70,15,15,15,15,15,63001,63001,63001,63001,63001,40,125,Gen I benchmark: DV=15 and Stat EXP=63001 in HP/Attack/Defense/Speed/Special; Level 70,17,0.06640625,136,0.53125
105,Marowak,105,1,70,Ground,,60,80,110,50,50,45,228,181,223,139,139,132,,,,Bulbapedia Gen I base stats; user-provided FirstGenPokemon.csv cross-check,https://bulbapedia.bulbagarden.net/wiki/List_of_Pok%C3%A9mon_by_base_stats_in_Generation_I,70,15,15,15,15,15,63001,63001,63001,63001,63001,50,139,Gen I benchmark: DV=15 and Stat EXP=63001 in HP/Attack/Defense/Speed/Special; Level 70,22,0.0859375,176,0.6875
106,Hitmonlee,106,1,70,Fighting,,50,120,53,35,35,87,214,237,143,118,118,191,,,,Bulbapedia Gen I base stats; user-provided FirstGenPokemon.csv cross-check,https://bulbapedia.bulbagarden.net/wiki/List_of_Pok%C3%A9mon_by_base_stats_in_Generation_I,70,15,15,15,15,15,63001,63001,63001,63001,63001,35,118,Gen I benchmark: DV=15 and Stat EXP=63001 in HP/Attack/Defense/Speed/Special; Level 70,43,0.16796875,255,0.99609375
107,Hitmonchan,107,1,70,Fighting,,50,105,79,35,35,76,214,216,180,118,118,175,,,,Bulbapedia Gen I base stats; user-provided FirstGenPokemon.csv cross-check,https://bulbapedia.bulbagarden.net/wiki/List_of_Pok%C3%A9mon_by_base_stats_in_Generation_I,70,15,15,15,15,15,63001,63001,63001,63001,63001,35,118,Gen I benchmark: DV=15 and Stat EXP=63001 in HP/Attack/Defense/Speed/Special; Level 70,38,0.1484375,255,0.99609375
108,Lickitung,108,1,70,Normal,,90,55,75,60,60,30,270,146,174,153,153,111,,,,Bulbapedia Gen I base stats; user-provided FirstGenPokemon.csv cross-check,https://bulbapedia.bulbagarden.net/wiki/List_of_Pok%C3%A9mon_by_base_stats_in_Generation_I,70,15,15,15,15,15,63001,63001,63001,63001,63001,60,153,Gen I benchmark: DV=15 and Stat EXP=63001 in HP/Attack/Defense/Speed/Special; Level 70,15,0.05859375,120,0.46875
109,Koffing,109,1,70,Poison,,40,65,95,60,60,35,200,160,202,153,153,118,,,,Bulbapedia Gen I base stats; user-provided FirstGenPokemon.csv cross-check,https://bulbapedia.bulbagarden.net/wiki/List_of_Pok%C3%A9mon_by_base_stats_in_Generation_I,70,15,15,15,15,15,63001,63001,63001,63001,63001,60,153,Gen I benchmark: DV=15 and Stat EXP=63001 in HP/Attack/Defense/Speed/Special; Level 70,17,0.06640625,136,0.53125
110,Weezing,110,1,70,Poison,,65,90,120,85,85,60,235,195,237,188,188,153,,,,Bulbapedia Gen I base stats; user-provided FirstGenPokemon.csv cross-check,https://bulbapedia.bulbagarden.net/wiki/List_of_Pok%C3%A9mon_by_base_stats_in_Generation_I,70,15,15,15,15,15,63001,63001,63001,63001,63001,85,188,Gen I benchmark: DV=15 and Stat EXP=63001 in HP/Attack/Defense/Speed/Special; Level 70,30,0.1171875,240,0.9375
111,Rhyhorn,111,1,70,Ground,Rock,80,85,95,30,30,25,256,188,202,111,111,104,,,,Bulbapedia Gen I base stats; user-provided FirstGenPokemon.csv cross-check,https://bulbapedia.bulbagarden.net/wiki/List_of_Pok%C3%A9mon_by_base_stats_in_Generation_I,70,15,15,15,15,15,63001,63001,63001,63001,63001,30,111,Gen I benchmark: DV=15 and Stat EXP=63001 in HP/Attack/Defense/Speed/Special; Level 70,12,0.046875,96,0.375
112,Rhydon,112,1,70,Ground,Rock,105,130,120,45,45,40,291,251,237,132,132,125,,,,Bulbapedia Gen I base stats; user-provided FirstGenPokemon.csv cross-check,https://bulbapedia.bulbagarden.net/wiki/List_of_Pok%C3%A9mon_by_base_stats_in_Generation_I,70,15,15,15,15,15,63001,63001,63001,63001,63001,45,132,Gen I benchmark: DV=15 and Stat EXP=63001 in HP/Attack/Defense/Speed/Special; Level 70,20,0.078125,160,0.625
113,Chansey,113,1,70,Normal,,250,5,5,105,105,50,494,76,76,216,216,139,,,,Bulbapedia Gen I base stats; user-provided FirstGenPokemon.csv cross-check,https://bulbapedia.bulbagarden.net/wiki/List_of_Pok%C3%A9mon_by_base_stats_in_Generation_I,70,15,15,15,15,15,63001,63001,63001,63001,63001,105,216,Gen I benchmark: DV=15 and Stat EXP=63001 in HP/Attack/Defense/Speed/Special; Level 70,25,0.09765625,200,0.78125
114,Tangela,114,1,70,Grass,,65,55,115,100,100,60,235,146,230,209,209,153,,,,Bulbapedia Gen I base stats; user-provided FirstGenPokemon.csv cross-check,https://bulbapedia.bulbagarden.net/wiki/List_of_Pok%C3%A9mon_by_base_stats_in_Generation_I,70,15,15,15,15,15,63001,63001,63001,63001,63001,100,209,Gen I benchmark: DV=15 and Stat EXP=63001 in HP/Attack/Defense/Speed/Special; Level 70,30,0.1171875,240,0.9375
115,Kangaskhan,115,1,70,Normal,,105,95,80,40,40,90,291,202,181,125,125,195,,,,Bulbapedia Gen I base stats; user-provided FirstGenPokemon.csv cross-check,https://bulbapedia.bulbagarden.net/wiki/List_of_Pok%C3%A9mon_by_base_stats_in_Generation_I,70,15,15,15,15,15,63001,63001,63001,63001,63001,40,125,Gen I benchmark: DV=15 and Stat EXP=63001 in HP/Attack/Defense/Speed/Special; Level 70,45,0.17578125,255,0.99609375
116,Horsea,116,1,70,Water,,30,40,70,70,70,60,186,125,167,167,167,153,,,,Bulbapedia Gen I base stats; user-provided FirstGenPokemon.csv cross-check,https://bulbapedia.bulbagarden.net/wiki/List_of_Pok%C3%A9mon_by_base_stats_in_Generation_I,70,15,15,15,15,15,63001,63001,63001,63001,63001,70,167,Gen I benchmark: DV=15 and Stat EXP=63001 in HP/Attack/Defense/Speed/Special; Level 70,30,0.1171875,240,0.9375
117,Seadra,117,1,70,Water,,55,65,95,95,95,85,221,160,202,202,202,188,,,,Bulbapedia Gen I base stats; user-provided FirstGenPokemon.csv cross-check,https://bulbapedia.bulbagarden.net/wiki/List_of_Pok%C3%A9mon_by_base_stats_in_Generation_I,70,15,15,15,15,15,63001,63001,63001,63001,63001,95,202,Gen I benchmark: DV=15 and Stat EXP=63001 in HP/Attack/Defense/Speed/Special; Level 70,42,0.1640625,255,0.99609375
118,Goldeen,118,1,70,Water,,45,67,60,50,50,63,207,163,153,139,139,157,,,,Bulbapedia Gen I base stats; user-provided FirstGenPokemon.csv cross-check,https://bulbapedia.bulbagarden.net/wiki/List_of_Pok%C3%A9mon_by_base_stats_in_Generation_I,70,15,15,15,15,15,63001,63001,63001,63001,63001,50,139,Gen I benchmark: DV=15 and Stat EXP=63001 in HP/Attack/Defense/Speed/Special; Level 70,31,0.12109375,248,0.96875
119,Seaking,119,1,70,Water,,80,92,65,80,80,68,256,198,160,181,181,164,,,,Bulbapedia Gen I base stats; user-provided FirstGenPokemon.csv cross-check,https://bulbapedia.bulbagarden.net/wiki/List_of_Pok%C3%A9mon_by_base_stats_in_Generation_I,70,15,15,15,15,15,63001,63001,63001,63001,63001,80,181,Gen I benchmark: DV=15 and Stat EXP=63001 in HP/Attack/Defense/Speed/Special; Level 70,34,0.1328125,255,0.99609375
120,Staryu,120,1,70,Water,,30,45,55,70,70,85,186,132,146,167,167,188,,,,Bulbapedia Gen I base stats; user-provided FirstGenPokemon.csv cross-check,https://bulbapedia.bulbagarden.net/wiki/List_of_Pok%C3%A9mon_by_base_stats_in_Generation_I,70,15,15,15,15,15,63001,63001,63001,63001,63001,70,167,Gen I benchmark: DV=15 and Stat EXP=63001 in HP/Attack/Defense/Speed/Special; Level 70,42,0.1640625,255,0.99609375
121,Starmie,121,1,70,Water,Psychic,60,75,85,100,100,115,228,174,188,209,209,230,,,,Bulbapedia Gen I base stats; user-provided FirstGenPokemon.csv cross-check,https://bulbapedia.bulbagarden.net/wiki/List_of_Pok%C3%A9mon_by_base_stats_in_Generation_I,70,15,15,15,15,15,63001,63001,63001,63001,63001,100,209,Gen I benchmark: DV=15 and Stat EXP=63001 in HP/Attack/Defense/Speed/Special; Level 70,57,0.22265625,255,0.99609375
122,Mr. Mime,122,1,70,Psychic,,40,45,65,100,100,90,200,132,160,209,209,195,,,,Bulbapedia Gen I base stats; user-provided FirstGenPokemon.csv cross-check,https://bulbapedia.bulbagarden.net/wiki/List_of_Pok%C3%A9mon_by_base_stats_in_Generation_I,70,15,15,15,15,15,63001,63001,63001,63001,63001,100,209,Gen I benchmark: DV=15 and Stat EXP=63001 in HP/Attack/Defense/Speed/Special; Level 70,45,0.17578125,255,0.99609375
123,Scyther,123,1,70,Bug,Flying,70,110,80,55,55,105,242,223,181,146,146,216,,,,Bulbapedia Gen I base stats; user-provided FirstGenPokemon.csv cross-check,https://bulbapedia.bulbagarden.net/wiki/List_of_Pok%C3%A9mon_by_base_stats_in_Generation_I,70,15,15,15,15,15,63001,63001,63001,63001,63001,55,146,Gen I benchmark: DV=15 and Stat EXP=63001 in HP/Attack/Defense/Speed/Special; Level 70,52,0.203125,255,0.99609375
124,Jynx,124,1,70,Ice,Psychic,65,50,35,95,95,95,235,139,118,202,202,202,,,,Bulbapedia Gen I base stats; user-provided FirstGenPokemon.csv cross-check,https://bulbapedia.bulbagarden.net/wiki/List_of_Pok%C3%A9mon_by_base_stats_in_Generation_I,70,15,15,15,15,15,63001,63001,63001,63001,63001,95,202,Gen I benchmark: DV=15 and Stat EXP=63001 in HP/Attack/Defense/Speed/Special; Level 70,47,0.18359375,255,0.99609375
125,Electabuzz,125,1,70,Electric,,65,83,57,85,85,105,235,185,149,188,188,216,,,,Bulbapedia Gen I base stats; user-provided FirstGenPokemon.csv cross-check,https://bulbapedia.bulbagarden.net/wiki/List_of_Pok%C3%A9mon_by_base_stats_in_Generation_I,70,15,15,15,15,15,63001,63001,63001,63001,63001,85,188,Gen I benchmark: DV=15 and Stat EXP=63001 in HP/Attack/Defense/Speed/Special; Level 70,52,0.203125,255,0.99609375
126,Magmar,126,1,70,Fire,,65,95,57,85,85,93,235,202,149,188,188,199,,,,Bulbapedia Gen I base stats; user-provided FirstGenPokemon.csv cross-check,https://bulbapedia.bulbagarden.net/wiki/List_of_Pok%C3%A9mon_by_base_stats_in_Generation_I,70,15,15,15,15,15,63001,63001,63001,63001,63001,85,188,Gen I benchmark: DV=15 and Stat EXP=63001 in HP/Attack/Defense/Speed/Special; Level 70,46,0.1796875,255,0.99609375
127,Pinsir,127,1,70,Bug,,65,125,100,55,55,85,235,244,209,146,146,188,,,,Bulbapedia Gen I base stats; user-provided FirstGenPokemon.csv cross-check,https://bulbapedia.bulbagarden.net/wiki/List_of_Pok%C3%A9mon_by_base_stats_in_Generation_I,70,15,15,15,15,15,63001,63001,63001,63001,63001,55,146,Gen I benchmark: DV=15 and Stat EXP=63001 in HP/Attack/Defense/Speed/Special; Level 70,42,0.1640625,255,0.99609375
128,Tauros,128,1,70,Normal,,75,100,95,70,70,110,249,209,202,167,167,223,,,,Bulbapedia Gen I base stats; user-provided FirstGenPokemon.csv cross-check,https://bulbapedia.bulbagarden.net/wiki/List_of_Pok%C3%A9mon_by_base_stats_in_Generation_I,70,15,15,15,15,15,63001,63001,63001,63001,63001,70,167,Gen I benchmark: DV=15 and Stat EXP=63001 in HP/Attack/Defense/Speed/Special; Level 70,55,0.21484375,255,0.99609375
129,Magikarp,129,1,70,Water,,20,10,55,20,20,80,172,83,146,97,97,181,,,,Bulbapedia Gen I base stats; user-provided FirstGenPokemon.csv cross-check,https://bulbapedia.bulbagarden.net/wiki/List_of_Pok%C3%A9mon_by_base_stats_in_Generation_I,70,15,15,15,15,15,63001,63001,63001,63001,63001,20,97,Gen I benchmark: DV=15 and Stat EXP=63001 in HP/Attack/Defense/Speed/Special; Level 70,40,0.15625,255,0.99609375
130,Gyarados,130,1,70,Water,Flying,95,125,79,100,100,81,277,244,180,209,209,182,,,,Bulbapedia Gen I base stats; user-provided FirstGenPokemon.csv cross-check,https://bulbapedia.bulbagarden.net/wiki/List_of_Pok%C3%A9mon_by_base_stats_in_Generation_I,70,15,15,15,15,15,63001,63001,63001,63001,63001,100,209,Gen I benchmark: DV=15 and Stat EXP=63001 in HP/Attack/Defense/Speed/Special; Level 70,40,0.15625,255,0.99609375
131,Lapras,131,1,70,Water,Ice,130,85,80,95,95,60,326,188,181,202,202,153,,,,Bulbapedia Gen I base stats; user-provided FirstGenPokemon.csv cross-check,https://bulbapedia.bulbagarden.net/wiki/List_of_Pok%C3%A9mon_by_base_stats_in_Generation_I,70,15,15,15,15,15,63001,63001,63001,63001,63001,95,202,Gen I benchmark: DV=15 and Stat EXP=63001 in HP/Attack/Defense/Speed/Special; Level 70,30,0.1171875,240,0.9375
132,Ditto,132,1,70,Normal,,48,48,48,48,48,48,211,136,136,136,136,136,,,,Bulbapedia Gen I base stats; user-provided FirstGenPokemon.csv cross-check,https://bulbapedia.bulbagarden.net/wiki/List_of_Pok%C3%A9mon_by_base_stats_in_Generation_I,70,15,15,15,15,15,63001,63001,63001,63001,63001,48,136,Gen I benchmark: DV=15 and Stat EXP=63001 in HP/Attack/Defense/Speed/Special; Level 70,24,0.09375,192,0.75
133,Eevee,133,1,70,Normal,,55,55,50,65,65,55,221,146,139,160,160,146,,,,Bulbapedia Gen I base stats; user-provided FirstGenPokemon.csv cross-check,https://bulbapedia.bulbagarden.net/wiki/List_of_Pok%C3%A9mon_by_base_stats_in_Generation_I,70,15,15,15,15,15,63001,63001,63001,63001,63001,65,160,Gen I benchmark: DV=15 and Stat EXP=63001 in HP/Attack/Defense/Speed/Special; Level 70,27,0.10546875,216,0.84375
134,Vaporeon,134,1,70,Water,,130,65,60,110,110,65,326,160,153,223,223,160,,,,Bulbapedia Gen I base stats; user-provided FirstGenPokemon.csv cross-check,https://bulbapedia.bulbagarden.net/wiki/List_of_Pok%C3%A9mon_by_base_stats_in_Generation_I,70,15,15,15,15,15,63001,63001,63001,63001,63001,110,223,Gen I benchmark: DV=15 and Stat EXP=63001 in HP/Attack/Defense/Speed/Special; Level 70,32,0.125,255,0.99609375
135,Jolteon,135,1,70,Electric,,65,65,60,110,110,130,235,160,153,223,223,251,,,,Bulbapedia Gen I base stats; user-provided FirstGenPokemon.csv cross-check,https://bulbapedia.bulbagarden.net/wiki/List_of_Pok%C3%A9mon_by_base_stats_in_Generation_I,70,15,15,15,15,15,63001,63001,63001,63001,63001,110,223,Gen I benchmark: DV=15 and Stat EXP=63001 in HP/Attack/Defense/Speed/Special; Level 70,65,0.25390625,255,0.99609375
136,Flareon,136,1,70,Fire,,65,130,60,110,110,65,235,251,153,223,223,160,,,,Bulbapedia Gen I base stats; user-provided FirstGenPokemon.csv cross-check,https://bulbapedia.bulbagarden.net/wiki/List_of_Pok%C3%A9mon_by_base_stats_in_Generation_I,70,15,15,15,15,15,63001,63001,63001,63001,63001,110,223,Gen I benchmark: DV=15 and Stat EXP=63001 in HP/Attack/Defense/Speed/Special; Level 70,32,0.125,255,0.99609375
137,Porygon,137,1,70,Normal,,65,60,70,75,75,40,235,153,167,174,174,125,,,,Bulbapedia Gen I base stats; user-provided FirstGenPokemon.csv cross-check,https://bulbapedia.bulbagarden.net/wiki/List_of_Pok%C3%A9mon_by_base_stats_in_Generation_I,70,15,15,15,15,15,63001,63001,63001,63001,63001,75,174,Gen I benchmark: DV=15 and Stat EXP=63001 in HP/Attack/Defense/Speed/Special; Level 70,20,0.078125,160,0.625
138,Omanyte,138,1,70,Rock,Water,35,40,100,90,90,35,193,125,209,195,195,118,,,,Bulbapedia Gen I base stats; user-provided FirstGenPokemon.csv cross-check,https://bulbapedia.bulbagarden.net/wiki/List_of_Pok%C3%A9mon_by_base_stats_in_Generation_I,70,15,15,15,15,15,63001,63001,63001,63001,63001,90,195,Gen I benchmark: DV=15 and Stat EXP=63001 in HP/Attack/Defense/Speed/Special; Level 70,17,0.06640625,136,0.53125
139,Omastar,139,1,70,Rock,Water,70,60,125,115,115,55,242,153,244,230,230,146,,,,Bulbapedia Gen I base stats; user-provided FirstGenPokemon.csv cross-check,https://bulbapedia.bulbagarden.net/wiki/List_of_Pok%C3%A9mon_by_base_stats_in_Generation_I,70,15,15,15,15,15,63001,63001,63001,63001,63001,115,230,Gen I benchmark: DV=15 and Stat EXP=63001 in HP/Attack/Defense/Speed/Special; Level 70,27,0.10546875,216,0.84375
140,Kabuto,140,1,70,Rock,Water,30,80,90,45,45,55,186,181,195,132,132,146,,,,Bulbapedia Gen I base stats; user-provided FirstGenPokemon.csv cross-check,https://bulbapedia.bulbagarden.net/wiki/List_of_Pok%C3%A9mon_by_base_stats_in_Generation_I,70,15,15,15,15,15,63001,63001,63001,63001,63001,45,132,Gen I benchmark: DV=15 and Stat EXP=63001 in HP/Attack/Defense/Speed/Special; Level 70,27,0.10546875,216,0.84375
141,Kabutops,141,1,70,Rock,Water,60,115,105,70,70,80,228,230,216,167,167,181,,,,Bulbapedia Gen I base stats; user-provided FirstGenPokemon.csv cross-check,https://bulbapedia.bulbagarden.net/wiki/List_of_Pok%C3%A9mon_by_base_stats_in_Generation_I,70,15,15,15,15,15,63001,63001,63001,63001,63001,70,167,Gen I benchmark: DV=15 and Stat EXP=63001 in HP/Attack/Defense/Speed/Special; Level 70,40,0.15625,255,0.99609375
142,Aerodactyl,142,1,70,Rock,Flying,80,105,65,60,60,130,256,216,160,153,153,251,,,,Bulbapedia Gen I base stats; user-provided FirstGenPokemon.csv cross-check,https://bulbapedia.bulbagarden.net/wiki/List_of_Pok%C3%A9mon_by_base_stats_in_Generation_I,70,15,15,15,15,15,63001,63001,63001,63001,63001,60,153,Gen I benchmark: DV=15 and Stat EXP=63001 in HP/Attack/Defense/Speed/Special; Level 70,65,0.25390625,255,0.99609375
143,Snorlax,143,1,70,Normal,,160,110,65,65,65,30,368,223,160,160,160,111,,,,Bulbapedia Gen I base stats; user-provided FirstGenPokemon.csv cross-check,https://bulbapedia.bulbagarden.net/wiki/List_of_Pok%C3%A9mon_by_base_stats_in_Generation_I,70,15,15,15,15,15,63001,63001,63001,63001,63001,65,160,Gen I benchmark: DV=15 and Stat EXP=63001 in HP/Attack/Defense/Speed/Special; Level 70,15,0.05859375,120,0.46875
144,Articuno,144,1,70,Ice,Flying,90,85,100,125,125,85,270,188,209,244,244,188,,,,Bulbapedia Gen I base stats; user-provided FirstGenPokemon.csv cross-check,https://bulbapedia.bulbagarden.net/wiki/List_of_Pok%C3%A9mon_by_base_stats_in_Generation_I,70,15,15,15,15,15,63001,63001,63001,63001,63001,125,244,Gen I benchmark: DV=15 and Stat EXP=63001 in HP/Attack/Defense/Speed/Special; Level 70,42,0.1640625,255,0.99609375
145,Zapdos,145,1,70,Electric,Flying,90,90,85,125,125,100,270,195,188,244,244,209,,,,Bulbapedia Gen I base stats; user-provided FirstGenPokemon.csv cross-check,https://bulbapedia.bulbagarden.net/wiki/List_of_Pok%C3%A9mon_by_base_stats_in_Generation_I,70,15,15,15,15,15,63001,63001,63001,63001,63001,125,244,Gen I benchmark: DV=15 and Stat EXP=63001 in HP/Attack/Defense/Speed/Special; Level 70,50,0.1953125,255,0.99609375
146,Moltres,146,1,70,Fire,Flying,90,100,90,125,125,90,270,209,195,244,244,195,,,,Bulbapedia Gen I base stats; user-provided FirstGenPokemon.csv cross-check,https://bulbapedia.bulbagarden.net/wiki/List_of_Pok%C3%A9mon_by_base_stats_in_Generation_I,70,15,15,15,15,15,63001,63001,63001,63001,63001,125,244,Gen I benchmark: DV=15 and Stat EXP=63001 in HP/Attack/Defense/Speed/Special; Level 70,45,0.17578125,255,0.99609375
147,Dratini,147,1,70,Dragon,,41,64,45,50,50,50,201,159,132,139,139,139,,,,Bulbapedia Gen I base stats; user-provided FirstGenPokemon.csv cross-check,https://bulbapedia.bulbagarden.net/wiki/List_of_Pok%C3%A9mon_by_base_stats_in_Generation_I,70,15,15,15,15,15,63001,63001,63001,63001,63001,50,139,Gen I benchmark: DV=15 and Stat EXP=63001 in HP/Attack/Defense/Speed/Special; Level 70,25,0.09765625,200,0.78125
148,Dragonair,148,1,70,Dragon,,61,84,65,70,70,70,229,187,160,167,167,167,,,,Bulbapedia Gen I base stats; user-provided FirstGenPokemon.csv cross-check,https://bulbapedia.bulbagarden.net/wiki/List_of_Pok%C3%A9mon_by_base_stats_in_Generation_I,70,15,15,15,15,15,63001,63001,63001,63001,63001,70,167,Gen I benchmark: DV=15 and Stat EXP=63001 in HP/Attack/Defense/Speed/Special; Level 70,35,0.13671875,255,0.99609375
149,Dragonite,149,1,70,Dragon,Flying,91,134,95,100,100,80,271,257,202,209,209,181,,,,Bulbapedia Gen I base stats; user-provided FirstGenPokemon.csv cross-check,https://bulbapedia.bulbagarden.net/wiki/List_of_Pok%C3%A9mon_by_base_stats_in_Generation_I,70,15,15,15,15,15,63001,63001,63001,63001,63001,100,209,Gen I benchmark: DV=15 and Stat EXP=63001 in HP/Attack/Defense/Speed/Special; Level 70,40,0.15625,255,0.99609375
150,Mewtwo,150,1,70,Psychic,,106,110,90,154,154,130,292,223,195,285,285,251,,,,Bulbapedia Gen I base stats; user-provided FirstGenPokemon.csv cross-check,https://bulbapedia.bulbagarden.net/wiki/List_of_Pok%C3%A9mon_by_base_stats_in_Generation_I,70,15,15,15,15,15,63001,63001,63001,63001,63001,154,285,Gen I benchmark: DV=15 and Stat EXP=63001 in HP/Attack/Defense/Speed/Special; Level 70,65,0.25390625,255,0.99609375
151,Mew,151,1,70,Psychic,,100,100,100,100,100,100,284,209,209,209,209,209,,,,Bulbapedia Gen I base stats; user-provided FirstGenPokemon.csv cross-check,https://bulbapedia.bulbagarden.net/wiki/List_of_Pok%C3%A9mon_by_base_stats_in_Generation_I,70,15,15,15,15,15,63001,63001,63001,63001,63001,100,209,Gen I benchmark: DV=15 and Stat EXP=63001 in HP/Attack/Defense/Speed/Special; Level 70,50,0.1953125,255,0.99609375
