attacking_type,defending_type,multiplier,generation,source,source_url,rule_set
Normal,Normal,1.0,1,Bulbapedia Generation I type chart,https://bulbapedia.bulbagarden.net/wiki/Type_chart/GenI,Generation I
Normal,Fire,1.0,1,Bulbapedia Generation I type chart,https://bulbapedia.bulbagarden.net/wiki/Type_chart/GenI,Generation I
Normal,Water,1.0,1,Bulbapedia Generation I type chart,https://bulbapedia.bulbagarden.net/wiki/Type_chart/GenI,Generation I
Normal,Electric,1.0,1,Bulbapedia Generation I type chart,https://bulbapedia.bulbagarden.net/wiki/Type_chart/GenI,Generation I
Normal,Grass,1.0,1,Bulbapedia Generation I type chart,https://bulbapedia.bulbagarden.net/wiki/Type_chart/GenI,Generation I
Normal,Ice,1.0,1,Bulbapedia Generation I type chart,https://bulbapedia.bulbagarden.net/wiki/Type_chart/GenI,Generation I
Normal,Fighting,1.0,1,Bulbapedia Generation I type chart,https://bulbapedia.bulbagarden.net/wiki/Type_chart/GenI,Generation I
Normal,Poison,1.0,1,Bulbapedia Generation I type chart,https://bulbapedia.bulbagarden.net/wiki/Type_chart/GenI,Generation I
Normal,Ground,1.0,1,Bulbapedia Generation I type chart,https://bulbapedia.bulbagarden.net/wiki/Type_chart/GenI,Generation I
Normal,Flying,1.0,1,Bulbapedia Generation I type chart,https://bulbapedia.bulbagarden.net/wiki/Type_chart/GenI,Generation I
Normal,Psychic,1.0,1,Bulbapedia Generation I type chart,https://bulbapedia.bulbagarden.net/wiki/Type_chart/GenI,Generation I
Normal,Bug,1.0,1,Bulbapedia Generation I type chart,https://bulbapedia.bulbagarden.net/wiki/Type_chart/GenI,Generation I
Normal,Rock,0.5,1,Bulbapedia Generation I type chart,https://bulbapedia.bulbagarden.net/wiki/Type_chart/GenI,Generation I
Normal,Ghost,0.0,1,Bulbapedia Generation I type chart,https://bulbapedia.bulbagarden.net/wiki/Type_chart/GenI,Generation I
Normal,Dragon,1.0,1,Bulbapedia Generation I type chart,https://bulbapedia.bulbagarden.net/wiki/Type_chart/GenI,Generation I
Fire,Normal,1.0,1,Bulbapedia Generation I type chart,https://bulbapedia.bulbagarden.net/wiki/Type_chart/GenI,Generation I
Fire,Fire,0.5,1,Bulbapedia Generation I type chart,https://bulbapedia.bulbagarden.net/wiki/Type_chart/GenI,Generation I
Fire,Water,0.5,1,Bulbapedia Generation I type chart,https://bulbapedia.bulbagarden.net/wiki/Type_chart/GenI,Generation I
Fire,Electric,1.0,1,Bulbapedia Generation I type chart,https://bulbapedia.bulbagarden.net/wiki/Type_chart/GenI,Generation I
Fire,Grass,2.0,1,Bulbapedia Generation I type chart,https://bulbapedia.bulbagarden.net/wiki/Type_chart/GenI,Generation I
Fire,Ice,2.0,1,Bulbapedia Generation I type chart,https://bulbapedia.bulbagarden.net/wiki/Type_chart/GenI,Generation I
Fire,Fighting,1.0,1,Bulbapedia Generation I type chart,https://bulbapedia.bulbagarden.net/wiki/Type_chart/GenI,Generation I
Fire,Poison,1.0,1,Bulbapedia Generation I type chart,https://bulbapedia.bulbagarden.net/wiki/Type_chart/GenI,Generation I
Fire,Ground,1.0,1,Bulbapedia Generation I type chart,https://bulbapedia.bulbagarden.net/wiki/Type_chart/GenI,Generation I
Fire,Flying,1.0,1,Bulbapedia Generation I type chart,https://bulbapedia.bulbagarden.net/wiki/Type_chart/GenI,Generation I
Fire,Psychic,1.0,1,Bulbapedia Generation I type chart,https://bulbapedia.bulbagarden.net/wiki/Type_chart/GenI,Generation I
Fire,Bug,2.0,1,Bulbapedia Generation I type chart,https://bulbapedia.bulbagarden.net/wiki/Type_chart/GenI,Generation I
Fire,Rock,0.5,1,Bulbapedia Generation I type chart,https://bulbapedia.bulbagarden.net/wiki/Type_chart/GenI,Generation I
Fire,Ghost,1.0,1,Bulbapedia Generation I type chart,https://bulbapedia.bulbagarden.net/wiki/Type_chart/GenI,Generation I
Fire,Dragon,0.5,1,Bulbapedia Generation I type chart,https://bulbapedia.bulbagarden.net/wiki/Type_chart/GenI,Generation I
Water,Normal,1.0,1,Bulbapedia Generation I type chart,https://bulbapedia.bulbagarden.net/wiki/Type_chart/GenI,Generation I
Water,Fire,2.0,1,Bulbapedia Generation I type chart,https://bulbapedia.bulbagarden.net/wiki/Type_chart/GenI,Generation I
Water,Water,0.5,1,Bulbapedia Generation I type chart,https://bulbapedia.bulbagarden.net/wiki/Type_chart/GenI,Generation I
Water,Electric,1.0,1,Bulbapedia Generation I type chart,https://bulbapedia.bulbagarden.net/wiki/Type_chart/GenI,Generation I
Water,Grass,0.5,1,Bulbapedia Generation I type chart,https://bulbapedia.bulbagarden.net/wiki/Type_chart/GenI,Generation I
Water,Ice,1.0,1,Bulbapedia Generation I type chart,https://bulbapedia.bulbagarden.net/wiki/Type_chart/GenI,Generation I
Water,Fighting,1.0,1,Bulbapedia Generation I type chart,https://bulbapedia.bulbagarden.net/wiki/Type_chart/GenI,Generation I
Water,Poison,1.0,1,Bulbapedia Generation I type chart,https://bulbapedia.bulbagarden.net/wiki/Type_chart/GenI,Generation I
Water,Ground,2.0,1,Bulbapedia Generation I type chart,https://bulbapedia.bulbagarden.net/wiki/Type_chart/GenI,Generation I
Water,Flying,1.0,1,Bulbapedia Generation I type chart,https://bulbapedia.bulbagarden.net/wiki/Type_chart/GenI,Generation I
Water,Psychic,1.0,1,Bulbapedia Generation I type chart,https://bulbapedia.bulbagarden.net/wiki/Type_chart/GenI,Generation I
Water,Bug,1.0,1,Bulbapedia Generation I type chart,https://bulbapedia.bulbagarden.net/wiki/Type_chart/GenI,Generation I
Water,Rock,2.0,1,Bulbapedia Generation I type chart,https://bulbapedia.bulbagarden.net/wiki/Type_chart/GenI,Generation I
Water,Ghost,1.0,1,Bulbapedia Generation I type chart,https://bulbapedia.bulbagarden.net/wiki/Type_chart/GenI,Generation I
Water,Dragon,0.5,1,Bulbapedia Generation I type chart,https://bulbapedia.bulbagarden.net/wiki/Type_chart/GenI,Generation I
Electric,Normal,1.0,1,Bulbapedia Generation I type chart,https://bulbapedia.bulbagarden.net/wiki/Type_chart/GenI,Generation I
Electric,Fire,1.0,1,Bulbapedia Generation I type chart,https://bulbapedia.bulbagarden.net/wiki/Type_chart/GenI,Generation I
Electric,Water,2.0,1,Bulbapedia Generation I type chart,https://bulbapedia.bulbagarden.net/wiki/Type_chart/GenI,Generation I
Electric,Electric,0.5,1,Bulbapedia Generation I type chart,https://bulbapedia.bulbagarden.net/wiki/Type_chart/GenI,Generation I
Electric,Grass,0.5,1,Bulbapedia Generation I type chart,https://bulbapedia.bulbagarden.net/wiki/Type_chart/GenI,Generation I
Electric,Ice,1.0,1,Bulbapedia Generation I type chart,https://bulbapedia.bulbagarden.net/wiki/Type_chart/GenI,Generation I
Electric,Fighting,1.0,1,Bulbapedia Generation I type chart,https://bulbapedia.bulbagarden.net/wiki/Type_chart/GenI,Generation I
Electric,Poison,1.0,1,Bulbapedia Generation I type chart,https://bulbapedia.bulbagarden.net/wiki/Type_chart/GenI,Generation I
Electric,Ground,0.0,1,Bulbapedia Generation I type chart,https://bulbapedia.bulbagarden.net/wiki/Type_chart/GenI,Generation I
Electric,Flying,2.0,1,Bulbapedia Generation I type chart,https://bulbapedia.bulbagarden.net/wiki/Type_chart/GenI,Generation I
Electric,Psychic,1.0,1,Bulbapedia Generation I type chart,https://bulbapedia.bulbagarden.net/wiki/Type_chart/GenI,Generation I
Electric,Bug,1.0,1,Bulbapedia Generation I type chart,https://bulbapedia.bulbagarden.net/wiki/Type_chart/GenI,Generation I
Electric,Rock,1.0,1,Bulbapedia Generation I type chart,https://bulbapedia.bulbagarden.net/wiki/Type_chart/GenI,Generation I
Electric,Ghost,1.0,1,Bulbapedia Generation I type chart,https://bulbapedia.bulbagarden.net/wiki/Type_chart/GenI,Generation I
Electric,Dragon,0.5,1,Bulbapedia Generation I type chart,https://bulbapedia.bulbagarden.net/wiki/Type_chart/GenI,Generation I
Grass,Normal,1.0,1,Bulbapedia Generation I type chart,https://bulbapedia.bulbagarden.net/wiki/Type_chart/GenI,Generation I
Grass,Fire,0.5,1,Bulbapedia Generation I type chart,https://bulbapedia.bulbagarden.net/wiki/Type_chart/GenI,Generation I
Grass,Water,2.0,1,Bulbapedia Generation I type chart,https://bulbapedia.bulbagarden.net/wiki/Type_chart/GenI,Generation I
Grass,Electric,1.0,1,Bulbapedia Generation I type chart,https://bulbapedia.bulbagarden.net/wiki/Type_chart/GenI,Generation I
Grass,Grass,0.5,1,Bulbapedia Generation I type chart,https://bulbapedia.bulbagarden.net/wiki/Type_chart/GenI,Generation I
Grass,Ice,1.0,1,Bulbapedia Generation I type chart,https://bulbapedia.bulbagarden.net/wiki/Type_chart/GenI,Generation I
Grass,Fighting,1.0,1,Bulbapedia Generation I type chart,https://bulbapedia.bulbagarden.net/wiki/Type_chart/GenI,Generation I
Grass,Poison,0.5,1,Bulbapedia Generation I type chart,https://bulbapedia.bulbagarden.net/wiki/Type_chart/GenI,Generation I
Grass,Ground,2.0,1,Bulbapedia Generation I type chart,https://bulbapedia.bulbagarden.net/wiki/Type_chart/GenI,Generation I
Grass,Flying,0.5,1,Bulbapedia Generation I type chart,https://bulbapedia.bulbagarden.net/wiki/Type_chart/GenI,Generation I
Grass,Psychic,1.0,1,Bulbapedia Generation I type chart,https://bulbapedia.bulbagarden.net/wiki/Type_chart/GenI,Generation I
Grass,Bug,0.5,1,Bulbapedia Generation I type chart,https://bulbapedia.bulbagarden.net/wiki/Type_chart/GenI,Generation I
Grass,Rock,2.0,1,Bulbapedia Generation I type chart,https://bulbapedia.bulbagarden.net/wiki/Type_chart/GenI,Generation I
Grass,Ghost,1.0,1,Bulbapedia Generation I type chart,https://bulbapedia.bulbagarden.net/wiki/Type_chart/GenI,Generation I
Grass,Dragon,0.5,1,Bulbapedia Generation I type chart,https://bulbapedia.bulbagarden.net/wiki/Type_chart/GenI,Generation I
Ice,Normal,1.0,1,Bulbapedia Generation I type chart,https://bulbapedia.bulbagarden.net/wiki/Type_chart/GenI,Generation I
Ice,Fire,1.0,1,Bulbapedia Generation I type chart,https://bulbapedia.bulbagarden.net/wiki/Type_chart/GenI,Generation I
Ice,Water,0.5,1,Bulbapedia Generation I type chart,https://bulbapedia.bulbagarden.net/wiki/Type_chart/GenI,Generation I
Ice,Electric,1.0,1,Bulbapedia Generation I type chart,https://bulbapedia.bulbagarden.net/wiki/Type_chart/GenI,Generation I
Ice,Grass,2.0,1,Bulbapedia Generation I type chart,https://bulbapedia.bulbagarden.net/wiki/Type_chart/GenI,Generation I
Ice,Ice,0.5,1,Bulbapedia Generation I type chart,https://bulbapedia.bulbagarden.net/wiki/Type_chart/GenI,Generation I
Ice,Fighting,1.0,1,Bulbapedia Generation I type chart,https://bulbapedia.bulbagarden.net/wiki/Type_chart/GenI,Generation I
Ice,Poison,1.0,1,Bulbapedia Generation I type chart,https://bulbapedia.bulbagarden.net/wiki/Type_chart/GenI,Generation I
Ice,Ground,2.0,1,Bulbapedia Generation I type chart,https://bulbapedia.bulbagarden.net/wiki/Type_chart/GenI,Generation I
Ice,Flying,2.0,1,Bulbapedia Generation I type chart,https://bulbapedia.bulbagarden.net/wiki/Type_chart/GenI,Generation I
Ice,Psychic,1.0,1,Bulbapedia Generation I type chart,https://bulbapedia.bulbagarden.net/wiki/Type_chart/GenI,Generation I
Ice,Bug,1.0,1,Bulbapedia Generation I type chart,https://bulbapedia.bulbagarden.net/wiki/Type_chart/GenI,Generation I
Ice,Rock,1.0,1,Bulbapedia Generation I type chart,https://bulbapedia.bulbagarden.net/wiki/Type_chart/GenI,Generation I
Ice,Ghost,1.0,1,Bulbapedia Generation I type chart,https://bulbapedia.bulbagarden.net/wiki/Type_chart/GenI,Generation I
Ice,Dragon,2.0,1,Bulbapedia Generation I type chart,https://bulbapedia.bulbagarden.net/wiki/Type_chart/GenI,Generation I
Fighting,Normal,2.0,1,Bulbapedia Generation I type chart,https://bulbapedia.bulbagarden.net/wiki/Type_chart/GenI,Generation I
Fighting,Fire,1.0,1,Bulbapedia Generation I type chart,https://bulbapedia.bulbagarden.net/wiki/Type_chart/GenI,Generation I
Fighting,Water,1.0,1,Bulbapedia Generation I type chart,https://bulbapedia.bulbagarden.net/wiki/Type_chart/GenI,Generation I
Fighting,Electric,1.0,1,Bulbapedia Generation I type chart,https://bulbapedia.bulbagarden.net/wiki/Type_chart/GenI,Generation I
Fighting,Grass,1.0,1,Bulbapedia Generation I type chart,https://bulbapedia.bulbagarden.net/wiki/Type_chart/GenI,Generation I
Fighting,Ice,2.0,1,Bulbapedia Generation I type chart,https://bulbapedia.bulbagarden.net/wiki/Type_chart/GenI,Generation I
Fighting,Fighting,1.0,1,Bulbapedia Generation I type chart,https://bulbapedia.bulbagarden.net/wiki/Type_chart/GenI,Generation I
Fighting,Poison,0.5,1,Bulbapedia Generation I type chart,https://bulbapedia.bulbagarden.net/wiki/Type_chart/GenI,Generation I
Fighting,Ground,1.0,1,Bulbapedia Generation I type chart,https://bulbapedia.bulbagarden.net/wiki/Type_chart/GenI,Generation I
Fighting,Flying,0.5,1,Bulbapedia Generation I type chart,https://bulbapedia.bulbagarden.net/wiki/Type_chart/GenI,Generation I
Fighting,Psychic,0.5,1,Bulbapedia Generation I type chart,https://bulbapedia.bulbagarden.net/wiki/Type_chart/GenI,Generation I
Fighting,Bug,0.5,1,Bulbapedia Generation I type chart,https://bulbapedia.bulbagarden.net/wiki/Type_chart/GenI,Generation I
Fighting,Rock,2.0,1,Bulbapedia Generation I type chart,https://bulbapedia.bulbagarden.net/wiki/Type_chart/GenI,Generation I
Fighting,Ghost,0.0,1,Bulbapedia Generation I type chart,https://bulbapedia.bulbagarden.net/wiki/Type_chart/GenI,Generation I
Fighting,Dragon,1.0,1,Bulbapedia Generation I type chart,https://bulbapedia.bulbagarden.net/wiki/Type_chart/GenI,Generation I
Poison,Normal,1.0,1,Bulbapedia Generation I type chart,https://bulbapedia.bulbagarden.net/wiki/Type_chart/GenI,Generation I
Poison,Fire,1.0,1,Bulbapedia Generation I type chart,https://bulbapedia.bulbagarden.net/wiki/Type_chart/GenI,Generation I
Poison,Water,1.0,1,Bulbapedia Generation I type chart,https://bulbapedia.bulbagarden.net/wiki/Type_chart/GenI,Generation I
Poison,Electric,1.0,1,Bulbapedia Generation I type chart,https://bulbapedia.bulbagarden.net/wiki/Type_chart/GenI,Generation I
Poison,Grass,2.0,1,Bulbapedia Generation I type chart,https://bulbapedia.bulbagarden.net/wiki/Type_chart/GenI,Generation I
Poison,Ice,1.0,1,Bulbapedia Generation I type chart,https://bulbapedia.bulbagarden.net/wiki/Type_chart/GenI,Generation I
Poison,Fighting,1.0,1,Bulbapedia Generation I type chart,https://bulbapedia.bulbagarden.net/wiki/Type_chart/GenI,Generation I
Poison,Poison,0.5,1,Bulbapedia Generation I type chart,https://bulbapedia.bulbagarden.net/wiki/Type_chart/GenI,Generation I
Poison,Ground,0.5,1,Bulbapedia Generation I type chart,https://bulbapedia.bulbagarden.net/wiki/Type_chart/GenI,Generation I
Poison,Flying,1.0,1,Bulbapedia Generation I type chart,https://bulbapedia.bulbagarden.net/wiki/Type_chart/GenI,Generation I
Poison,Psychic,1.0,1,Bulbapedia Generation I type chart,https://bulbapedia.bulbagarden.net/wiki/Type_chart/GenI,Generation I
Poison,Bug,2.0,1,Bulbapedia Generation I type chart,https://bulbapedia.bulbagarden.net/wiki/Type_chart/GenI,Generation I
Poison,Rock,0.5,1,Bulbapedia Generation I type chart,https://bulbapedia.bulbagarden.net/wiki/Type_chart/GenI,Generation I
Poison,Ghost,0.5,1,Bulbapedia Generation I type chart,https://bulbapedia.bulbagarden.net/wiki/Type_chart/GenI,Generation I
Poison,Dragon,1.0,1,Bulbapedia Generation I type chart,https://bulbapedia.bulbagarden.net/wiki/Type_chart/GenI,Generation I
Ground,Normal,1.0,1,Bulbapedia Generation I type chart,https://bulbapedia.bulbagarden.net/wiki/Type_chart/GenI,Generation I
Ground,Fire,2.0,1,Bulbapedia Generation I type chart,https://bulbapedia.bulbagarden.net/wiki/Type_chart/GenI,Generation I
Ground,Water,1.0,1,Bulbapedia Generation I type chart,https://bulbapedia.bulbagarden.net/wiki/Type_chart/GenI,Generation I
Ground,Electric,2.0,1,Bulbapedia Generation I type chart,https://bulbapedia.bulbagarden.net/wiki/Type_chart/GenI,Generation I
Ground,Grass,0.5,1,Bulbapedia Generation I type chart,https://bulbapedia.bulbagarden.net/wiki/Type_chart/GenI,Generation I
Ground,Ice,1.0,1,Bulbapedia Generation I type chart,https://bulbapedia.bulbagarden.net/wiki/Type_chart/GenI,Generation I
Ground,Fighting,1.0,1,Bulbapedia Generation I type chart,https://bulbapedia.bulbagarden.net/wiki/Type_chart/GenI,Generation I
Ground,Poison,2.0,1,Bulbapedia Generation I type chart,https://bulbapedia.bulbagarden.net/wiki/Type_chart/GenI,Generation I
Ground,Ground,1.0,1,Bulbapedia Generation I type chart,https://bulbapedia.bulbagarden.net/wiki/Type_chart/GenI,Generation I
Ground,Flying,0.0,1,Bulbapedia Generation I type chart,https://bulbapedia.bulbagarden.net/wiki/Type_chart/GenI,Generation I
Ground,Psychic,1.0,1,Bulbapedia Generation I type chart,https://bulbapedia.bulbagarden.net/wiki/Type_chart/GenI,Generation I
Ground,Bug,0.5,1,Bulbapedia Generation I type chart,https://bulbapedia.bulbagarden.net/wiki/Type_chart/GenI,Generation I
Ground,Rock,2.0,1,Bulbapedia Generation I type chart,https://bulbapedia.bulbagarden.net/wiki/Type_chart/GenI,Generation I
Ground,Ghost,1.0,1,Bulbapedia Generation I type chart,https://bulbapedia.bulbagarden.net/wiki/Type_chart/GenI,Generation I
Ground,Dragon,1.0,1,Bulbapedia Generation I type chart,https://bulbapedia.bulbagarden.net/wiki/Type_chart/GenI,Generation I
Flying,Normal,1.0,1,Bulbapedia Generation I type chart,https://bulbapedia.bulbagarden.net/wiki/Type_chart/GenI,Generation I
Flying,Fire,1.0,1,Bulbapedia Generation I type chart,https://bulbapedia.bulbagarden.net/wiki/Type_chart/GenI,Generation I
Flying,Water,1.0,1,Bulbapedia Generation I type chart,https://bulbapedia.bulbagarden.net/wiki/Type_chart/GenI,Generation I
Flying,Electric,0.5,1,Bulbapedia Generation I type chart,https://bulbapedia.bulbagarden.net/wiki/Type_chart/GenI,Generation I
Flying,Grass,2.0,1,Bulbapedia Generation I type chart,https://bulbapedia.bulbagarden.net/wiki/Type_chart/GenI,Generation I
Flying,Ice,1.0,1,Bulbapedia Generation I type chart,https://bulbapedia.bulbagarden.net/wiki/Type_chart/GenI,Generation I
Flying,Fighting,2.0,1,Bulbapedia Generation I type chart,https://bulbapedia.bulbagarden.net/wiki/Type_chart/GenI,Generation I
Flying,Poison,1.0,1,Bulbapedia Generation I type chart,https://bulbapedia.bulbagarden.net/wiki/Type_chart/GenI,Generation I
Flying,Ground,1.0,1,Bulbapedia Generation I type chart,https://bulbapedia.bulbagarden.net/wiki/Type_chart/GenI,Generation I
Flying,Flying,1.0,1,Bulbapedia Generation I type chart,https://bulbapedia.bulbagarden.net/wiki/Type_chart/GenI,Generation I
Flying,Psychic,1.0,1,Bulbapedia Generation I type chart,https://bulbapedia.bulbagarden.net/wiki/Type_chart/GenI,Generation I
Flying,Bug,2.0,1,Bulbapedia Generation I type chart,https://bulbapedia.bulbagarden.net/wiki/Type_chart/GenI,Generation I
Flying,Rock,0.5,1,Bulbapedia Generation I type chart,https://bulbapedia.bulbagarden.net/wiki/Type_chart/GenI,Generation I
Flying,Ghost,1.0,1,Bulbapedia Generation I type chart,https://bulbapedia.bulbagarden.net/wiki/Type_chart/GenI,Generation I
Flying,Dragon,1.0,1,Bulbapedia Generation I type chart,https://bulbapedia.bulbagarden.net/wiki/Type_chart/GenI,Generation I
Psychic,Normal,1.0,1,Bulbapedia Generation I type chart,https://bulbapedia.bulbagarden.net/wiki/Type_chart/GenI,Generation I
Psychic,Fire,1.0,1,Bulbapedia Generation I type chart,https://bulbapedia.bulbagarden.net/wiki/Type_chart/GenI,Generation I
Psychic,Water,1.0,1,Bulbapedia Generation I type chart,https://bulbapedia.bulbagarden.net/wiki/Type_chart/GenI,Generation I
Psychic,Electric,1.0,1,Bulbapedia Generation I type chart,https://bulbapedia.bulbagarden.net/wiki/Type_chart/GenI,Generation I
Psychic,Grass,1.0,1,Bulbapedia Generation I type chart,https://bulbapedia.bulbagarden.net/wiki/Type_chart/GenI,Generation I
Psychic,Ice,1.0,1,Bulbapedia Generation I type chart,https://bulbapedia.bulbagarden.net/wiki/Type_chart/GenI,Generation I
Psychic,Fighting,2.0,1,Bulbapedia Generation I type chart,https://bulbapedia.bulbagarden.net/wiki/Type_chart/GenI,Generation I
Psychic,Poison,2.0,1,Bulbapedia Generation I type chart,https://bulbapedia.bulbagarden.net/wiki/Type_chart/GenI,Generation I
Psychic,Ground,1.0,1,Bulbapedia Generation I type chart,https://bulbapedia.bulbagarden.net/wiki/Type_chart/GenI,Generation I
Psychic,Flying,1.0,1,Bulbapedia Generation I type chart,https://bulbapedia.bulbagarden.net/wiki/Type_chart/GenI,Generation I
Psychic,Psychic,0.5,1,Bulbapedia Generation I type chart,https://bulbapedia.bulbagarden.net/wiki/Type_chart/GenI,Generation I
Psychic,Bug,1.0,1,Bulbapedia Generation I type chart,https://bulbapedia.bulbagarden.net/wiki/Type_chart/GenI,Generation I
Psychic,Rock,1.0,1,Bulbapedia Generation I type chart,https://bulbapedia.bulbagarden.net/wiki/Type_chart/GenI,Generation I
Psychic,Ghost,0.0,1,Bulbapedia Generation I type chart,https://bulbapedia.bulbagarden.net/wiki/Type_chart/GenI,Generation I
Psychic,Dragon,1.0,1,Bulbapedia Generation I type chart,https://bulbapedia.bulbagarden.net/wiki/Type_chart/GenI,Generation I
Bug,Normal,1.0,1,Bulbapedia Generation I type chart,https://bulbapedia.bulbagarden.net/wiki/Type_chart/GenI,Generation I
Bug,Fire,0.5,1,Bulbapedia Generation I type chart,https://bulbapedia.bulbagarden.net/wiki/Type_chart/GenI,Generation I
Bug,Water,1.0,1,Bulbapedia Generation I type chart,https://bulbapedia.bulbagarden.net/wiki/Type_chart/GenI,Generation I
Bug,Electric,1.0,1,Bulbapedia Generation I type chart,https://bulbapedia.bulbagarden.net/wiki/Type_chart/GenI,Generation I
Bug,Grass,2.0,1,Bulbapedia Generation I type chart,https://bulbapedia.bulbagarden.net/wiki/Type_chart/GenI,Generation I
Bug,Ice,1.0,1,Bulbapedia Generation I type chart,https://bulbapedia.bulbagarden.net/wiki/Type_chart/GenI,Generation I
Bug,Fighting,0.5,1,Bulbapedia Generation I type chart,https://bulbapedia.bulbagarden.net/wiki/Type_chart/GenI,Generation I
Bug,Poison,2.0,1,Bulbapedia Generation I type chart,https://bulbapedia.bulbagarden.net/wiki/Type_chart/GenI,Generation I
Bug,Ground,1.0,1,Bulbapedia Generation I type chart,https://bulbapedia.bulbagarden.net/wiki/Type_chart/GenI,Generation I
Bug,Flying,0.5,1,Bulbapedia Generation I type chart,https://bulbapedia.bulbagarden.net/wiki/Type_chart/GenI,Generation I
Bug,Psychic,2.0,1,Bulbapedia Generation I type chart,https://bulbapedia.bulbagarden.net/wiki/Type_chart/GenI,Generation I
Bug,Bug,1.0,1,Bulbapedia Generation I type chart,https://bulbapedia.bulbagarden.net/wiki/Type_chart/GenI,Generation I
Bug,Rock,1.0,1,Bulbapedia Generation I type chart,https://bulbapedia.bulbagarden.net/wiki/Type_chart/GenI,Generation I
Bug,Ghost,0.5,1,Bulbapedia Generation I type chart,https://bulbapedia.bulbagarden.net/wiki/Type_chart/GenI,Generation I
Bug,Dragon,1.0,1,Bulbapedia Generation I type chart,https://bulbapedia.bulbagarden.net/wiki/Type_chart/GenI,Generation I
Rock,Normal,1.0,1,Bulbapedia Generation I type chart,https://bulbapedia.bulbagarden.net/wiki/Type_chart/GenI,Generation I
Rock,Fire,2.0,1,Bulbapedia Generation I type chart,https://bulbapedia.bulbagarden.net/wiki/Type_chart/GenI,Generation I
Rock,Water,1.0,1,Bulbapedia Generation I type chart,https://bulbapedia.bulbagarden.net/wiki/Type_chart/GenI,Generation I
Rock,Electric,1.0,1,Bulbapedia Generation I type chart,https://bulbapedia.bulbagarden.net/wiki/Type_chart/GenI,Generation I
Rock,Grass,1.0,1,Bulbapedia Generation I type chart,https://bulbapedia.bulbagarden.net/wiki/Type_chart/GenI,Generation I
Rock,Ice,2.0,1,Bulbapedia Generation I type chart,https://bulbapedia.bulbagarden.net/wiki/Type_chart/GenI,Generation I
Rock,Fighting,0.5,1,Bulbapedia Generation I type chart,https://bulbapedia.bulbagarden.net/wiki/Type_chart/GenI,Generation I
Rock,Poison,1.0,1,Bulbapedia Generation I type chart,https://bulbapedia.bulbagarden.net/wiki/Type_chart/GenI,Generation I
Rock,Ground,0.5,1,Bulbapedia Generation I type chart,https://bulbapedia.bulbagarden.net/wiki/Type_chart/GenI,Generation I
Rock,Flying,2.0,1,Bulbapedia Generation I type chart,https://bulbapedia.bulbagarden.net/wiki/Type_chart/GenI,Generation I
Rock,Psychic,1.0,1,Bulbapedia Generation I type chart,https://bulbapedia.bulbagarden.net/wiki/Type_chart/GenI,Generation I
Rock,Bug,2.0,1,Bulbapedia Generation I type chart,https://bulbapedia.bulbagarden.net/wiki/Type_chart/GenI,Generation I
Rock,Rock,1.0,1,Bulbapedia Generation I type chart,https://bulbapedia.bulbagarden.net/wiki/Type_chart/GenI,Generation I
Rock,Ghost,1.0,1,Bulbapedia Generation I type chart,https://bulbapedia.bulbagarden.net/wiki/Type_chart/GenI,Generation I
Rock,Dragon,1.0,1,Bulbapedia Generation I type chart,https://bulbapedia.bulbagarden.net/wiki/Type_chart/GenI,Generation I
Ghost,Normal,0.0,1,Bulbapedia Generation I type chart,https://bulbapedia.bulbagarden.net/wiki/Type_chart/GenI,Generation I
Ghost,Fire,1.0,1,Bulbapedia Generation I type chart,https://bulbapedia.bulbagarden.net/wiki/Type_chart/GenI,Generation I
Ghost,Water,1.0,1,Bulbapedia Generation I type chart,https://bulbapedia.bulbagarden.net/wiki/Type_chart/GenI,Generation I
Ghost,Electric,1.0,1,Bulbapedia Generation I type chart,https://bulbapedia.bulbagarden.net/wiki/Type_chart/GenI,Generation I
Ghost,Grass,1.0,1,Bulbapedia Generation I type chart,https://bulbapedia.bulbagarden.net/wiki/Type_chart/GenI,Generation I
Ghost,Ice,1.0,1,Bulbapedia Generation I type chart,https://bulbapedia.bulbagarden.net/wiki/Type_chart/GenI,Generation I
Ghost,Fighting,1.0,1,Bulbapedia Generation I type chart,https://bulbapedia.bulbagarden.net/wiki/Type_chart/GenI,Generation I
Ghost,Poison,1.0,1,Bulbapedia Generation I type chart,https://bulbapedia.bulbagarden.net/wiki/Type_chart/GenI,Generation I
Ghost,Ground,1.0,1,Bulbapedia Generation I type chart,https://bulbapedia.bulbagarden.net/wiki/Type_chart/GenI,Generation I
Ghost,Flying,1.0,1,Bulbapedia Generation I type chart,https://bulbapedia.bulbagarden.net/wiki/Type_chart/GenI,Generation I
Ghost,Psychic,0.0,1,Bulbapedia Generation I type chart,https://bulbapedia.bulbagarden.net/wiki/Type_chart/GenI,Generation I
Ghost,Bug,1.0,1,Bulbapedia Generation I type chart,https://bulbapedia.bulbagarden.net/wiki/Type_chart/GenI,Generation I
Ghost,Rock,1.0,1,Bulbapedia Generation I type chart,https://bulbapedia.bulbagarden.net/wiki/Type_chart/GenI,Generation I
Ghost,Ghost,1.0,1,Bulbapedia Generation I type chart,https://bulbapedia.bulbagarden.net/wiki/Type_chart/GenI,Generation I
Ghost,Dragon,1.0,1,Bulbapedia Generation I type chart,https://bulbapedia.bulbagarden.net/wiki/Type_chart/GenI,Generation I
Dragon,Normal,1.0,1,Bulbapedia Generation I type chart,https://bulbapedia.bulbagarden.net/wiki/Type_chart/GenI,Generation I
Dragon,Fire,1.0,1,Bulbapedia Generation I type chart,https://bulbapedia.bulbagarden.net/wiki/Type_chart/GenI,Generation I
Dragon,Water,1.0,1,Bulbapedia Generation I type chart,https://bulbapedia.bulbagarden.net/wiki/Type_chart/GenI,Generation I
Dragon,Electric,1.0,1,Bulbapedia Generation I type chart,https://bulbapedia.bulbagarden.net/wiki/Type_chart/GenI,Generation I
Dragon,Grass,1.0,1,Bulbapedia Generation I type chart,https://bulbapedia.bulbagarden.net/wiki/Type_chart/GenI,Generation I
Dragon,Ice,1.0,1,Bulbapedia Generation I type chart,https://bulbapedia.bulbagarden.net/wiki/Type_chart/GenI,Generation I
Dragon,Fighting,1.0,1,Bulbapedia Generation I type chart,https://bulbapedia.bulbagarden.net/wiki/Type_chart/GenI,Generation I
Dragon,Poison,1.0,1,Bulbapedia Generation I type chart,https://bulbapedia.bulbagarden.net/wiki/Type_chart/GenI,Generation I
Dragon,Ground,1.0,1,Bulbapedia Generation I type chart,https://bulbapedia.bulbagarden.net/wiki/Type_chart/GenI,Generation I
Dragon,Flying,1.0,1,Bulbapedia Generation I type chart,https://bulbapedia.bulbagarden.net/wiki/Type_chart/GenI,Generation I
Dragon,Psychic,1.0,1,Bulbapedia Generation I type chart,https://bulbapedia.bulbagarden.net/wiki/Type_chart/GenI,Generation I
Dragon,Bug,1.0,1,Bulbapedia Generation I type chart,https://bulbapedia.bulbagarden.net/wiki/Type_chart/GenI,Generation I
Dragon,Rock,1.0,1,Bulbapedia Generation I type chart,https://bulbapedia.bulbagarden.net/wiki/Type_chart/GenI,Generation I
Dragon,Ghost,1.0,1,Bulbapedia Generation I type chart,https://bulbapedia.bulbagarden.net/wiki/Type_chart/GenI,Generation I
Dragon,Dragon,2.0,1,Bulbapedia Generation I type chart,https://bulbapedia.bulbagarden.net/wiki/Type_chart/GenI,Generation I
